{"type": "FeatureCollection", "features": [{"type": "Feature", "id": "8cfeef83-4d3c-45d8-a5fb-899803f99759", "geometry": {"type": "Polygon", "coordinates": [[[-637.9130964246864, 5511.428955527454], [5307.898837091303, 5427.827707948056], [5314.506688047943, 5414.689202794566], [5314.61347689898, 5369.198478046563], [5321.20588850366, 5362.636945145797], [5321.312677354697, 5317.146220397793], [5327.631048448847, 5310.584044190696], [5327.7378372998855, 5265.093319442692], [5334.3450449501925, 5252.228854799732], [5334.512947902727, 5180.704281551366], [5341.105359507408, 5174.142748650599], [5342.326998231023, 4653.73981915386], [5349.02619868674, 4601.687561505089], [5349.4231186933075, 4432.604566507993], [5342.861585792542, 4426.012154903312], [5343.288741196693, 4244.049255911298], [5336.849436498921, 4185.38914730589], [5336.987104053873, 4126.74447805244], [5330.516920652186, 4081.238313952478], [5330.578034753684, 4055.204465452115], [5324.3664525105705, 4016.275916911209], [5317.866033711302, 3983.6496568061652], [5317.927147812799, 3957.6158083058017], [5311.411289661573, 3931.5665204534816], [5311.502639160653, 3892.652767958202], [5304.941106259887, 3886.06035635352], [5305.047895110925, 3840.569631605517], [5311.655746067562, 3827.4311264520275], [5311.747095566642, 3788.5173739567476], [5305.21579806346, 3769.04505835715], [5305.50592921899, 3645.4527881080558], [5299.264111578294, 3619.404143562067], [5299.432014530828, 3547.8795703137], [5292.931595731558, 3515.253310208655], [5286.400298228376, 3495.7809946090583], [5286.461412329875, 3469.747146108695], [5279.945554178647, 3443.6978582563743], [5273.688297185994, 3424.226185963108], [5267.157642989143, 3404.479829852981], [5260.641784837917, 3378.4305420006604], [5254.095047982776, 3365.535198653786], [5247.853230342082, 3339.4865541077975], [5241.321932838897, 3320.0142385082], [5234.790635335713, 3300.5419229086024], [5228.5488176950175, 3274.4932783626136], [5222.032959543792, 3248.4439905102927], [5215.50230534694, 3228.697634400165], [5202.682872147189, 3202.907591012749], [5196.152217950337, 3183.161234902622], [5189.636359799111, 3157.111947050301], [5183.120501647885, 3131.0626591979803], [5176.87868400719, 3105.014014651991], [5170.347386504006, 3085.5416990523936], [5157.2391167481, 3066.053944100839], [5150.966420403489, 3053.1592440602967], [5144.42032685468, 3039.989860202893], [5137.873589999539, 3027.094516856019], [5131.312057098773, 3020.502105251338], [5125.040004060495, 3007.333364700266], [5125.0702394580785, 2994.4534607053492], [5118.508706557311, 2987.8610491006684], [5118.538941954895, 2974.9811451057517], [5111.992848406085, 2961.8117612483475], [5105.735591413431, 2942.340088955082], [5105.796705514928, 2916.3062404547186], [5099.235172614163, 2909.7138288500378], [5099.296286715661, 2883.679980349674], [5092.780428564433, 2857.6306924973537], [5086.218252357338, 2851.312321403203], [5079.976434716641, 2825.263676857214], [5080.068427522052, 2786.075883851404], [5073.506251314955, 2779.757512757253], [4989.729005731644, 2395.627975848075], [4977.017004689263, 2324.073167202125], [4958.1101553551, 2089.7228559493137], [4951.547979148001, 2083.4044848551634], [4951.685646702953, 2024.7598156017132], [4945.124113802186, 2018.1674039970324], [4945.185227903683, 1992.1335554966693], [4938.638491048543, 1979.238212149795], [4938.653930400501, 1972.6612398970717], [4932.396673407848, 1953.1895676038057], [4932.442348157388, 1933.7326913561658], [4925.88081525662, 1927.140279751485], [4925.957368710076, 1894.5294589983978], [4919.395192502979, 1888.2110879042475], [4919.410631854936, 1881.6341156515243], [4906.591841961516, 1855.5700317535775], [4906.6375167110555, 1836.1131555059376], [4900.07598381029, 1829.5207439012568], [4900.106862514205, 1816.3667993958104], [4893.560125659064, 1803.471456048936], [4887.014032110254, 1790.3020721915323], [4874.164363512921, 1777.3919327990327], [4867.6176266577795, 1764.496589452159], [4854.784040718737, 1744.735437296406], [4848.252743215553, 1725.2631216968084], [4835.40307461822, 1712.3529823043089], [4828.85698106941, 1699.1835984469049], [4815.764150665461, 1673.1188712426274], [4802.94536077204, 1647.0547873446806], [4796.414063268858, 1627.582471745083], [4783.595273375438, 1601.518387847137], [4770.502442971489, 1575.4536606428587], [4763.971145468305, 1555.981345043262], [4751.136916222929, 1536.4942333980384], [4744.636497423659, 1503.8679732929945], [4738.089760568521, 1490.972629946121], [4731.833146882199, 1471.2269171423247], [4731.863382279782, 1458.347013147408], [4725.332084776598, 1438.8746975478111], [4718.801430579747, 1419.1283414376833], [4712.544173587094, 1399.6566691444173], [4706.01287608391, 1380.1843535448206], [4699.481578580728, 1360.712037945223], [4699.512457284642, 1347.5580934397758], [4692.965720429501, 1334.6627500929023], [4692.996599133416, 1321.508805587456], [4686.7239027888045, 1308.6141055469132], [4686.754781492718, 1295.460161041466], [4680.208044637578, 1282.5648176945924], [4673.66195108877, 1269.3954338371884], [4667.099774881672, 1263.0770627430381], [4660.827721843393, 1249.9083221919657], [4654.311863692167, 1223.859034339645], [4654.342099089749, 1210.9791303447282], [4641.219033288217, 1197.7943071353668], [4641.2492686857995, 1184.9144031404498], [4634.977215647523, 1171.7456625893776], [4621.868945891614, 1152.2579076378233], [4609.019277294281, 1139.3477682453238], [4602.473183745472, 1126.1783843879198], [4589.623515148139, 1113.2682449954202], [4583.07742159933, 1100.0988611380162], [4576.515245392233, 1093.7804900438657], [4576.53068474419, 1087.2035177911418], [4569.98459119538, 1074.0341339337378], [4563.711894850769, 1061.139433893196], [4550.603625094863, 1041.6516789416407], [4537.75459980386, 1028.4674990386115], [4531.207862948721, 1015.5721556917373], [4524.661769399911, 1002.4027718343333], [4518.0995931928155, 996.0844007401829], [4511.827540154535, 982.9156601891106], [4498.70383104667, 970.0048774902795], [4479.293272854901, 950.2282859825688], [4466.185003098995, 930.7405310310144], [4446.773801600896, 911.237980033834], [4433.924776309894, 898.0538001308049], [4414.513574811794, 878.5512491336245], [4401.375069658304, 871.9433981769862], [4388.5254010609715, 859.0332587844866], [4381.948428808247, 859.0178194325298], [4381.963868160204, 852.4408471798066], [4375.386895907481, 852.425407827849], [4368.824719700384, 846.1070367336986], [4362.537227310147, 839.5152684353494], [4342.837189255891, 826.315005874031], [4323.4259877577915, 806.8124548768508], [4304.014786259691, 787.3099038796704], [4278.042051860825, 761.2149412778101], [4252.053878110002, 741.6969509286722], [4239.204852819, 728.512771025643], [4206.65514616741, 702.4023690718243], [4187.243944669311, 682.8998180746447], [4174.120235561447, 669.9890353758136], [4161.255770918487, 663.3818277255068], [4148.132705116954, 650.1970045161461], [4135.2830365196205, 637.2868651236465], [4115.857038975895, 624.087245868659], [4102.733329868031, 611.1764631698278], [4083.306689017974, 598.2508844253714], [4070.4422243750146, 591.6436767750647], [4057.319158573482, 578.4588535657039], [4050.756982366385, 572.1404824715535], [4037.8925177234255, 565.5332748212468], [4031.330984822659, 558.940863216566], [4024.7694519218926, 552.3484516118859], [4024.784247967518, 546.0455198696924], [4018.4813162253254, 546.0307238240664], [4011.919783324559, 539.4383122193864], [4005.3428110718355, 539.4228728674289], [3998.781278171069, 532.830461262748], [3992.493785780833, 526.2386929643989], [3972.7931044202455, 513.3124709136109], [3953.36710687652, 500.11285165862415], [3921.0605620315464, 487.15703751658424], [3895.056948928766, 474.21601942017026], [3869.0385397803598, 467.57793306594914], [3843.035569983911, 454.3628744590056], [3817.0165175291727, 447.9988286153148], [3803.8625730237263, 447.96794991140035], [3790.9826690288096, 447.9377145138176], [3777.8441638753193, 441.3298635571792], [3771.5412321331264, 441.315067511554], [3758.3872876276796, 441.2841888076396], [3745.507383632763, 441.25395341005606], [3719.4735351324, 441.19283930855886], [3699.742618374229, 441.1465212526876], [3680.301181478547, 434.52387425042406], [3647.96440123599, 434.4479641033009], [3608.77660823018, 434.3559712978893], [3569.8628557348998, 434.26462179880855], [3550.421418839216, 427.64197479654496], [3517.8105980861296, 427.5654213430902], [3498.35372183849, 427.51974659355056], [3472.319873338126, 427.45863249205337], [3459.1659288326796, 427.427753788139], [3446.286024837763, 427.39751839055543], [3433.1320803323156, 427.366639686641], [3426.5551080795926, 427.35120033468417], [3413.659764732719, 433.8979371898246], [3407.0827924799955, 433.882497837867], [3394.202888485079, 433.8522624402842], [3387.625916232356, 433.8368230883274], [3374.746012237439, 433.8065876907446], [3368.169039984715, 433.791148338787], [3361.5766283800344, 440.35268123955336], [3342.1197521323943, 440.307006490013], [3328.965807626947, 440.2761277860986], [3309.4934920273504, 446.80742528928215], [3296.6135880324337, 446.7771898916994], [3290.0366157797102, 446.7617505397418], [3283.4596435269873, 446.7463111877842], [3277.1567117847935, 446.731515142159], [3270.5797395320706, 446.7160757902014], [3257.4257950266233, 446.685197086287], [3251.1228632844304, 446.67040104066183], [3244.5310949860805, 452.9578934308978], [3237.9541227333575, 452.9424540789402], [3225.074218738441, 452.91221868135744], [3218.4972464857174, 452.89677932939986], [3205.34330198027, 452.86590062548544], [3199.0403702380777, 452.85110457986025], [3185.8709863806725, 459.397198128669], [3166.414110133033, 459.35152337912865], [3146.941794533436, 465.8828208823122], [3127.4694789338387, 472.4141183854958], [3101.4208343878495, 478.6559360261914], [3088.2514505304453, 485.20202957500015], [3081.6744782777214, 485.18659022304337], [3081.6590389257644, 491.76356247576655], [3075.356107183572, 491.74876643014056], [3075.341311137946, 498.05169817233417], [3068.7643388852225, 498.0362588203766], [3062.1719272805412, 504.5977917211429], [3055.5795156758613, 511.1593246219093], [3042.6841723289867, 517.7060614770497], [3023.2125000357214, 523.9633184697029], [3003.740184436124, 530.4946159728864], [2984.0092676779536, 530.4482979170144], [2957.9599798256336, 536.9641560682404], [2931.92613132527, 536.9030419667432], [2905.876843472949, 543.4189001179692], [2880.1170354831156, 543.3584293228037], [2860.37132267932, 549.6150430091253], [2840.91444643168, 549.5693682595848], [2834.337474178957, 549.5539289076273], [2828.0345424367633, 549.5391328620021], [2814.880597931316, 549.5082541580877], [2808.303625678593, 549.4928148061301], [2795.4082823317185, 556.0395516612705], [2788.8313100789956, 556.0241123093136], [2782.254337826272, 556.0086729573561], [2775.951406084079, 555.9938769117309], [2756.4945298364387, 555.9482021621906], [2736.7636130782685, 555.9018841063186], [2710.7297645779054, 555.8407700048214], [2697.8498605829886, 555.8105346072385], [2678.3929843353485, 555.7648598576982], [2665.2390398299012, 555.7339811537837], [2658.6620675771783, 555.718541801827], [2652.3591358349845, 555.703745756201], [2639.205191329538, 555.6728670522865], [2632.902259587345, 555.6580710066606], [2626.3252873346214, 555.6426316547038], [2613.1713428291746, 555.6117529507893], [2600.2914388342574, 555.5815175532066], [2567.6806180811714, 555.5049640997518], [2528.7668655858906, 555.4136146006718], [2502.7330170855275, 555.3525004991739], [2476.714607937121, 548.7144141449535], [2450.680759436758, 548.6533000434563], [2431.223883189118, 548.6076252939159], [2411.507762476573, 542.258375495851], [2385.4739139762096, 542.1972613943539], [2366.017037728569, 542.1515866448135], [2346.5601614809293, 542.1059118952732], [2339.983189228206, 542.0904725433163], [2327.103285233289, 542.0602371457335], [2320.5263129805658, 542.044797793776], [2313.949340727842, 542.0293584418191], [2307.646408985649, 542.0145623961931], [2301.069436732926, 541.9991230442355], [2287.915492227479, 541.9682443403211], [2281.6125604852855, 541.9534482946959], [2275.035588232562, 541.9380089427383], [2268.458615979839, 541.9225695907816], [2261.8816437271157, 541.9071302388239], [2242.40997143385, 548.1643872314771], [2222.95309518621, 548.1187124819368], [2196.9038073338893, 554.6345706331628], [2177.431491734292, 561.1658681363464], [2164.2621078768875, 567.7119616851551], [2144.7904355836217, 573.9692186778083], [2118.7257083793443, 587.0620490817582], [2092.6616244813977, 599.8808389751771], [2073.1893088818006, 606.4121364783606], [2060.2939655349264, 612.9588733335011], [2047.125224983854, 619.2309263717802], [2047.1097856318963, 625.8078986245034], [2040.5328133791731, 625.7924592725458], [2034.2144422850229, 632.3546354796438], [2027.622030680342, 638.9161683804101], [2021.014823030036, 651.7806330233693], [2014.4224114253552, 658.3421659241357], [2008.1194796831617, 658.3273698785098], [2001.5122720328557, 671.1918345214697], [1994.9198604281758, 677.7533674222353], [1982.0090777293447, 690.8770765300997], [1975.4173094309947, 697.1645689203357], [1968.8248978263139, 703.726101821102], [1962.5065267321643, 710.2882780281992], [1936.4424428342174, 723.1070679216188], [1923.2576196248567, 736.2301337231507], [1903.7705079796324, 749.0643629685279], [1897.1780963749525, 755.6258958692935], [1890.6011241222293, 755.6104565173367], [1884.267956982453, 768.4755644666275], [1877.6909847297297, 768.4601251146706], [1877.675545377772, 775.0370973673938], [1871.0831337730922, 781.5986302681603], [1864.4907221684107, 788.1601631689258], [1864.4759261227855, 794.4630949111194], [1858.157555028635, 801.0252711182173], [1851.565143423955, 807.586804018983], [1838.6395646794979, 827.0134448690402], [1818.8629731717872, 846.4240030608089], [1805.93739442733, 865.8506439108661], [1799.3295434706924, 878.9891490643556], [1786.4194040781929, 891.8388176616896], [1760.3244414763317, 917.8115520605555], [1747.1241789150142, 937.5115901148114], [1734.2140395225138, 950.3612587121446], [1740.5169712647066, 950.3760547577706], [1734.198600170557, 956.9382309648686], [1727.6216279178338, 956.922791612911], [1727.6061885658762, 963.4997638656342], [1721.0292163131523, 963.4843245136774], [1714.7114885253343, 969.772460210245], [1694.9651324152064, 976.3031144070969], [1675.4928168156096, 982.8344119102798], [1662.5974734687352, 989.3811487654201], [1649.428732917662, 995.6532018036993], [1642.8517606649389, 995.6377624517418], [1636.5488289227453, 995.6229664061166], [1623.3794450653422, 1002.1690599549253], [1597.3301572130206, 1008.6849181061513], [1577.8732809653807, 1008.6392433566109], [1564.993376970464, 1008.6090079590282], [1558.4318440696984, 1002.0165963543474], [1545.2778995642511, 1001.985717650433], [1538.9904071740152, 995.3939493520838], [1532.428230966918, 989.0755782579334], [1519.2897258134285, 982.4677273012958], [1506.4252611704685, 975.8605196509899], [1499.863728269703, 969.2681080463091], [1486.9986203204112, 962.9349409065327], [1480.4370874196456, 956.3425293018519], [1467.5880621286433, 943.158349398822], [1461.01108987592, 943.1429100468652], [1454.4489136688221, 936.8245389527148], [1441.584449025862, 930.2173313024081], [1435.0229161250966, 923.624919697728], [1428.4613832243303, 917.0325080930472], [1421.8844109716072, 917.0170687410897], [1415.5814792294134, 917.0022726954645], [1409.0045069766902, 916.9868333435069], [1402.4275347239663, 916.97139399155], [1402.4120953720096, 923.5483662442732], [1395.8196837673288, 930.1098991450395], [1389.5013126731792, 936.6720753521369], [1376.332572122106, 942.944128390416], [1369.7555998693829, 942.9286890384584], [1363.4372287752317, 949.4908652455564], [1356.8602565225085, 949.4754258935988], [1343.7063120170612, 949.4445471896844], [1337.3879409229116, 956.0067233967824], [1330.8109686701878, 955.9912840448247], [1324.2339964174646, 955.975844692868], [1317.9310646752717, 955.961048647242], [1311.3540924225479, 955.9456092952852], [1304.761680817867, 962.5071421960515], [1298.1847085651439, 962.491702844094], [1291.8817768229503, 962.476906798468], [1285.3048045702271, 962.4614674465112], [1278.727832317503, 962.4460280945535], [1265.8331322769618, 968.7187244391644], [1252.6791877715148, 968.68784573525], [1239.799283776598, 968.6576103376672], [1233.2223115238749, 968.6421709857096], [1226.6453392711517, 968.6267316337528], [1220.0683670184276, 968.6112922817952], [1213.765435276235, 968.5964962361692], [1207.1884630235108, 968.5810568842124], [1200.6114907707877, 968.5656175322548], [1194.3085590285948, 968.5508214866296], [1187.731586775871, 968.535382134672], [1181.1546145231478, 968.5199427827152], [1174.562202918467, 975.0814756834808], [1168.2592711762734, 975.0666796378556], [1148.5283544181032, 975.0203615819836], [1135.6484504231862, 974.9901261844008], [1116.1915741755463, 974.9444514348604], [1109.614601922823, 974.9290120829036], [1103.0376296701, 974.913572730946], [1096.460657417376, 974.8981333789892], [1090.1577256751832, 974.8833373333632], [1083.58075342246, 974.8678979814064], [1077.0037811697362, 974.8524586294488], [1064.1084378228625, 981.3991954845892], [1057.5314655701393, 981.3837561326324], [1044.6515615752226, 981.3535207350496], [1031.4976170697762, 981.3226420311345], [1018.6177130748594, 981.2924066335516], [1012.0407408221355, 981.2769672815948], [1005.4637685694123, 981.2615279296373], [986.0068923217723, 981.2158531800976], [972.8529478163251, 981.1849744761832], [953.4115109206424, 974.5623274739197], [927.3776624202789, 974.5012133724217], [914.5131977773193, 967.8940057221157], [907.9362255245958, 967.8785663701582], [895.0563215296794, 967.8483309725754], [888.4793492769558, 967.8328916206185], [881.9023770242326, 967.817452268661], [869.0224730293158, 967.7872168710782], [855.883324569495, 961.4534064249701], [849.3063523167715, 961.4379670730133], [843.0034205745783, 961.4231710273874], [836.4264483218548, 961.4077316754306], [829.8494760691316, 961.3922923234729], [823.272503816408, 961.3768529715161], [810.3925998214912, 961.3466175739334], [803.815627568768, 961.3311782219757], [790.9357235738512, 961.300942824393], [784.358751321128, 961.2855034724354], [777.7817790684045, 961.2700641204785], [771.4788473262113, 961.2552680748526], [764.9018750734878, 961.2398287228958], [758.3249028207646, 961.2243893709382], [751.7479305680409, 961.2089500189813], [745.4449988258477, 961.1941539733554], [738.8680265731242, 961.1787146213978], [725.6992860220515, 967.450767659677], [719.3963542798583, 967.435971614051], [706.2424097744115, 967.4050929101367], [699.665437521688, 967.3896535581798], [686.7855335267716, 967.359418160597], [673.8901901798976, 973.9061550157375], [660.7362456744509, 973.875276311823], [647.856341679534, 973.8450409142403], [628.1254249213638, 973.7987228583683], [615.2300815744898, 980.3454597135086], [589.1962330741267, 980.2843456120114], [569.7239174745291, 986.8156431151942], [550.2670412268891, 986.7699683656546], [537.0983006758167, 993.0420214039331], [517.6414244281768, 992.9963466543934], [504.4720405707725, 999.5424402032022], [498.1691088285793, 999.5276441575762], [491.5921365758561, 999.5122048056194], [478.4079566728262, 1012.3612300966217], [458.935641073229, 1018.8925275998046], [419.97621382840873, 1038.2580543483646], [393.8960472721736, 1057.9278570050376], [387.30427897382447, 1064.2153493952737], [374.4089356269505, 1070.762086250414], [367.8165240222701, 1077.3236191511803], [354.63234411924014, 1090.172644442182], [341.7370007723662, 1096.7193812973233], [335.1600285196426, 1096.7039419453656], [328.55217756300505, 1109.842447098855], [322.23444977518625, 1116.1305827954227], [309.0650659177819, 1122.6766763442315], [302.4726543131015, 1129.238209244998], [296.1697225709083, 1129.2234131993719], [289.57795427255917, 1135.510905589608], [283.000982019836, 1135.495466237651], [276.6980502776424, 1135.4806701920252], [263.52866642023844, 1142.026763740834], [256.95169416751526, 1142.011324388877], [244.07179017259847, 1141.9810889912942], [237.4793785679173, 1148.5426218920607], [224.59947457300092, 1148.5123864944771], [211.4455300675538, 1148.4815077905628], [204.8531184628734, 1155.043040691329], [198.5501867206802, 1155.0282446457038], [191.97321446795664, 1155.0128052937462], [178.8044739168843, 1161.2848583320247], [172.4861028227339, 1167.8470345391227], [159.31671896532993, 1174.3931280879315], [153.01378722313672, 1174.3783320423063], [152.9983478711795, 1180.9553042950295], [139.82960732010682, 1187.2273573333086], [126.93426397323321, 1193.774094188449], [113.74944076387166, 1206.897159989981], [107.17246851114848, 1206.881720638024], [100.85474072332931, 1213.1698563345917], [87.68535686592536, 1219.7159498834005], [74.77457416709417, 1232.839658991264], [61.60583361602185, 1239.1117120295432], [55.01342201134107, 1245.6732449303097], [48.695050917190656, 1252.2354211374068], [48.680254871565076, 1258.5383528796006], [42.10328261884151, 1258.522913527643], [35.479992310246324, 1278.2383909338564], [22.55441356578956, 1297.6650317839135], [3.036423216652406, 1323.6532055347363], [-10.163196038334718, 1343.0792030784626], [-23.119653486705896, 1375.6597884339662], [-42.9116843463738, 1401.647318878458], [-55.83726309083056, 1421.0739597285153], [-62.42967469551095, 1427.6354926292815], [-69.00664694823452, 1427.620053277324], [-88.46352319587447, 1427.5743785277843], [-88.49375859345726, 1440.4542825227004], [-95.07073084618082, 1440.4388431707437], [-101.40454129228844, 1453.5779916305648], [-114.58872119531836, 1466.4270169215672], [-127.49950389414956, 1479.5507260294307], [-134.0912721924983, 1485.8382184196666], [-140.68368379717907, 1492.399751320433], [-153.59446649601026, 1505.5234604282966], [-166.7940857509974, 1524.9494579720222], [-179.68878579153935, 1531.222154316633], [-186.29663674817735, 1544.3606594701225], [-192.8890483528581, 1550.922192370889], [-199.2067761406769, 1557.2103280674564], [-205.81462709731449, 1570.348833220946], [-212.40703870199528, 1576.9103661217116], [-212.42183474762123, 1583.2132978639052], [-219.0599211018416, 1609.2317070123115], [-225.42396694553278, 1635.2507594670494], [-238.65446490443392, 1667.8307015162213], [-245.00307139616714, 1687.2727817182363], [-251.61092235280472, 1700.4112868717257], [-258.21813000311147, 1713.275751514685], [-271.15914809952545, 1739.279364617466], [-284.37420670646975, 1765.2823344139147], [-303.9378718051469, 1810.7273844123783], [-317.1529304120912, 1836.730354208827], [-336.68636011318597, 1869.2955002123738], [-349.62737820959995, 1895.2991133151547], [-362.8424368165443, 1921.3020831116035], [-375.7982509585838, 1953.6086279565775], [-395.3162413077214, 1979.596801707401], [-401.9395316163162, 1999.3122791136138], [-421.47231801107966, 2031.60338460663], [-434.6873766180236, 2057.6063544030794], [-447.61295536248036, 2077.032995253137], [-460.79777857184195, 2090.1560610546685], [-467.4049862221479, 2103.0205256976287], [-473.7233573162983, 2109.582701904726], [-480.3312082729363, 2122.7212070582154], [-486.92297657128546, 2129.0086994484514], [-493.2722263693507, 2148.7248201609964], [-506.4718456243374, 2168.150817704722], [-513.0790532746433, 2181.0152823476815], [-513.0944926266005, 2187.5922546004044], [-519.4128637207514, 2194.1544308075026], [-526.0046320191005, 2200.4419231977386], [-526.0200713710577, 2207.0188954504615], [-532.6124829757384, 2213.580428351228], [-539.2196906260444, 2226.4448929941873], [-545.5380617201948, 2233.007069201285], [-552.1459126768328, 2246.145574354775], [-552.1607087224588, 2252.4485060969682], [-558.7531203271395, 2259.010038997734], [-558.8142344286367, 2285.043887498098], [-565.4066460333172, 2291.605420398864], [-565.4677601348147, 2317.6392688992273], [-571.816366626548, 2337.0813491012423], [-578.4390136288115, 2356.5227859969245], [-585.061660631075, 2375.9642228926077], [-591.6849509396702, 2395.67970029882], [-591.7454217348358, 2421.439508288654], [-598.0637928289863, 2428.0016844957518], [-598.140346282441, 2460.6125052488383], [-604.808668034245, 2499.510818392161], [-605.0531244402341, 2603.6462123936153], [-611.7220894983693, 2642.818566047468], [-612.5159295115031, 2980.9845560416634], [-619.1231371618098, 2993.849020684623], [-619.1996906152643, 3026.4598414377097], [-625.5482971069974, 3045.901921639724], [-625.6705253099923, 3097.9696186404512], [-632.2783762666303, 3111.1081237939406], [-632.3240510161706, 3130.565000041581], [-638.9466980184338, 3150.006436937264], [-639.297943275461, 3299.632555686721], [-632.7975244761922, 3332.2588157917653], [-626.2816663249657, 3358.308103644086], [-626.3273410745062, 3377.764979891726], [-620.0700840818529, 3397.2366521849917], [-620.1009627857674, 3410.3905966904385], [-613.5696652825842, 3429.8629122900356], [-607.0081323818182, 3436.4553238947165], [-607.0229284274437, 3442.75825563691], [-600.4768348786346, 3455.9276394943136], [-594.2195778859814, 3475.39931178758], [-581.111308130075, 3494.887066739134], [-574.6263286827631, 3534.090299096902], [-568.3690716901102, 3553.561971390167], [-555.3521514332838, 3611.963478837002], [-548.8060578844746, 3625.132862694406], [-548.8214972364319, 3631.70983494713], [-542.5642402437786, 3651.181507240395], [-536.0027073430127, 3657.773918845076], [-536.0175033886386, 3664.076850587269], [-529.4559704878723, 3670.66926219195], [-522.9098769390636, 3683.8386460493543], [-516.6371805944527, 3696.7333460898963], [-510.07564769368673, 3703.325757694577], [-503.528910838546, 3716.2211010414508], [-496.98281728973717, 3729.3904848988545], [-484.1331486924036, 3742.300624291354], [-477.5716157916372, 3748.8930358960347], [-471.28412340140125, 3755.484804194384], [-464.7219471943036, 3761.8031752885345], [-451.6143207447281, 3781.564970750619], [-445.34162440011806, 3794.459670791162], [-438.7955308513093, 3807.6290546485657], [-438.8257662488921, 3820.508958643482], [-432.26423334812574, 3827.101370248163], [-432.3555828472061, 3866.0151227434435], [-438.9936692014268, 3892.0335318918496], [-439.16157215396163, 3963.558105140216], [-445.78421915622516, 3982.999542035899], [-452.1180296023328, 3996.1386904957203], [-458.7561159565536, 4022.1570996441264], [-465.3633236068603, 4035.0215642870858], [-471.9557352115407, 4041.583097187852], [-478.2741063056911, 4048.14527339495], [-478.3043417032739, 4061.0251773898667], [-484.91219265991185, 4074.1636825433557], [-491.5046042645923, 4080.725215444122], [-497.85321075632584, 4100.167295646137], [-497.883446153909, 4113.047199641053], [-504.47585775858937, 4119.608732541819], [-511.0682693632702, 4126.170265442585], [-511.0830654088957, 4132.473197184779], [-517.6909163655333, 4145.6117023382685], [-524.0092874596842, 4152.173878545366], [-524.02408350531, 4158.47681028756], [-537.2089067146712, 4171.5998760890925], [-543.8161143649772, 4184.464340732051], [-550.1499248110848, 4197.6034891918725], [-550.1801602086676, 4210.483393186789], [-556.7571324613912, 4210.467953834833], [-556.7880111653056, 4223.621898340279], [-563.3952188156123, 4236.486362983239], [-570.0178658178755, 4255.927799878921], [-576.3362369120259, 4262.489976086018], [-582.9440878686639, 4275.628481239509], [-589.5512955189703, 4288.492945882468], [-589.8723053784142, 4425.239160637009], [-583.3101291713166, 4431.557531731159], [-583.8903914823757, 4678.742072229346], [-577.3899726831065, 4711.368332334391], [-578.1226985947436, 5023.500473828222], [-584.7916636528788, 5062.672827482076], [-585.0206807069111, 5160.2312492308065], [-591.6742064130887, 5192.826630631936], [-591.8266700136662, 5257.77423162758], [-598.5104311174274, 5303.249517023626], [-598.5561058669674, 5322.706393271265], [-611.6045561207505, 5394.47477163258], [-618.2728778725541, 5433.373084775903], [-631.2750100704657, 5485.410546379047], [-631.3206848200057, 5504.867422626688], [-637.9130964246864, 5511.428955527454]]]}, "properties": {"objectType": "annotation", "name": "Tumor", "classification": {"name": "Tumor", "color": [200, 0, 0]}}}, {"type": "Feature", "id": "1deb41a6-fc86-4d19-abe4-fb4987765355", "geometry": {"type": "Polygon", "coordinates": [[[11690.542240666424, 5924.302705942999], [11690.56089655004, 5916.355531137625], [11698.508071355414, 5916.37418702124], [11698.526083932697, 5908.701052726396], [11706.217230804823, 5901.0459310088345], [11706.235886688439, 5893.098756203461], [11713.909020983283, 5893.116768780745], [11713.94504613785, 5877.770500191056], [11721.636193009977, 5870.115378473495], [11721.654848893591, 5862.168203668121], [11729.620036276248, 5854.513725256892], [11729.638048853534, 5846.840590962049], [11737.32983903199, 5838.911428733958], [11745.038998481403, 5823.583172721554], [11753.022841747674, 5807.9815195049505], [11760.695976042518, 5807.999532082234], [11768.387122914646, 5800.344410364673], [11776.352310297303, 5792.689931953444], [11776.37096618092, 5784.74275714807], [11784.044100475763, 5784.760769725353], [11791.753259925174, 5769.432513712949], [11799.42639422002, 5769.450526290232], [11799.445050103635, 5761.503351484858], [11807.39222490901, 5761.522007368473], [11807.410237486292, 5753.848873073629], [11815.083371781137, 5753.866885650913], [11815.101384358419, 5746.193751356069], [11830.758361919536, 5730.610110716749], [11838.449508791662, 5722.954988999189], [11861.815645802191, 5692.043092347464], [11861.834301685805, 5684.09591754209], [11869.525448557932, 5676.44079582453], [11869.543461135218, 5668.767661529686], [11877.253263890958, 5653.165365006751], [11892.928254029357, 5629.908590072587], [11908.60324416776, 5606.651815138423], [11924.022206372912, 5575.721262603084], [11939.697196511312, 5552.464487668921], [11947.388343383438, 5544.809365951361], [11947.40635596072, 5537.136231656516], [11955.116158716464, 5521.5339351335815], [11963.099358676405, 5506.206322427509], [11970.827174009431, 5482.93089160973], [11978.536976765174, 5467.328595086796], [11978.554989342458, 5459.655460791952], [11986.520820031445, 5451.726941870192], [11986.53883260873, 5444.053807575348], [11994.229979480857, 5436.398685857787], [11994.266647941755, 5420.778376757569], [12001.957794813881, 5413.123255040009], [12001.975807391165, 5405.450120745165], [12009.941638080156, 5397.521601823406], [12009.959650657438, 5389.848467528563], [12017.66945341318, 5374.246171005628], [12025.37861286259, 5358.917914993223], [12025.396625439875, 5351.244780698378], [12033.088415618333, 5343.315618470288], [12041.071615578276, 5327.988005764215], [12041.108284039174, 5312.367696663997], [12056.509233667044, 5289.110278423502], [12064.511089510599, 5265.835490912055], [12079.948064293034, 5227.231804081872], [12087.931907559307, 5211.630150865269], [12103.332857187177, 5188.372732624774], [12103.35086976446, 5180.699598329929], [12111.060672520201, 5165.097301806995], [12119.043872480144, 5149.769689100922], [12126.735662658602, 5141.840526872831], [12126.753675235888, 5134.167392577987], [12134.444822108015, 5126.512270860427], [12134.57219676166, 5072.252249775458], [12142.574052605216, 5048.977462264012], [12142.701427258864, 4994.717441179044], [12150.429242591894, 4971.442010361265], [12150.538604668256, 4924.855123571141], [12158.284432578565, 4893.906558458519], [12158.375782077645, 4854.9928059632375], [12166.450331536666, 4800.751440761885], [12166.559693613031, 4754.16455397176], [12174.341546677904, 4707.86972026945], [12174.450908754272, 4661.282833479326], [12182.215392548193, 4622.3870935613295], [12182.397448240024, 4544.8336290812995], [12190.143276150331, 4513.885063968677], [12190.307319264877, 4444.00473378349], [12198.345200263, 4405.383677682355], [12199.128104068499, 4071.8763763671723], [12206.837906824241, 4056.2740798442383], [12206.92861301699, 4017.634367859488], [12199.310159760327, 3994.3229118871427], [12199.54689649034, 3893.47600401205], [12207.31073697793, 3854.8543046045834], [12207.511448553374, 3769.353665319179], [12199.856326835816, 3761.6625184470518], [12200.02036995036, 3691.7821882618655], [12192.073195144985, 3691.7635323782506], [12192.127232876837, 3668.744129493719], [12184.49076704289, 3653.105807816217], [12176.890326363513, 3622.1212175490277], [12161.342710878758, 3591.1179713982237], [12146.087791788148, 3552.1681937483763], [12138.195298020955, 3528.8560944696997], [12122.90371046945, 3505.5266259200703], [12115.011216702258, 3482.2145266413936], [12107.374107561982, 3466.850245474422], [12099.719629150752, 3458.8850580917647], [12099.737641728037, 3451.2119237969205], [12092.082520010475, 3443.520776924793], [12084.153357782385, 3435.828986746334], [12076.51689194844, 3420.190665068833], [12068.880426114494, 3404.5523433913313], [12068.898438691778, 3396.879209096487], [12060.969276463686, 3389.1874189180285], [12053.332810629741, 3373.549097240527], [12045.695701489465, 3358.1848160735553], [12030.130073427428, 3334.854704217595], [12022.493607593482, 3319.2163825400935], [12006.927979531445, 3295.8862706841333], [12006.964004686013, 3280.540002094445], [11991.672417134507, 3257.210533544816], [11983.761910790032, 3241.571568560983], [11968.470323238525, 3218.242100011354], [11960.577829471333, 3194.930000732677], [11945.286241919828, 3171.600532183048], [11937.667788663166, 3148.2890762107027], [11929.75663901236, 3132.9241517374], [11922.120173178411, 3117.285830059898], [11906.535889232762, 3101.902893009312], [11898.899423398816, 3086.26457133181], [11891.262957564872, 3070.6262496543086], [11883.351807914063, 3055.2613251810058], [11875.733354657401, 3031.9498692086604], [11868.078232939839, 3024.258722336533], [11860.423754528612, 3016.293534953875], [11860.441767105895, 3008.6204006590315], [11852.512604877804, 3000.9286104805724], [11852.549273338702, 2985.3083013803544], [11844.894151621143, 2977.617154508227], [11844.912164198427, 2969.944020213383], [11837.312366825377, 2938.6853894356636], [11829.401217174573, 2923.3204649623603], [11821.800776495193, 2892.3358746951712], [11821.83744495609, 2876.715565594953], [11814.218991699428, 2853.4041096226074], [11806.308485354954, 2837.7651446387745], [11798.671376214672, 2822.400863471803], [11798.708044675572, 2806.780554371585], [11791.05292295801, 2799.089407499457], [11783.397801240451, 2791.3982606273303], [11783.434469701351, 2775.7779515271122], [11775.523963356873, 2760.1389865432793], [11767.886854216596, 2744.774705376308], [11760.250388382652, 2729.1363836988057], [11760.268400959934, 2721.463249403962], [11752.339238731844, 2713.7714592255033], [11752.35789461546, 2705.824284420129], [11744.7027728979, 2698.1331375480017], [11737.047651180337, 2690.4419906758744], [11737.066307063955, 2682.4948158705], [11729.137144835862, 2674.803025692041], [11721.4820231183, 2667.1118788199137], [11721.500035695586, 2659.4387445250695], [11713.863569861638, 2643.8004228475684], [11698.27992922232, 2628.143445286452], [11690.661475965659, 2604.8319893141065], [11675.077192020008, 2589.4490522635197], [11667.440726186063, 2573.8107305860185], [11667.458738763346, 2566.1375962911748], [11659.803617045785, 2558.4464494190465], [11613.344104909309, 2504.077066257715], [11605.689626498079, 2496.1118788750573], [11597.742451692706, 2496.0932229914424], [11590.087329975144, 2488.402076119315], [11582.432208257585, 2480.7109292471882], [11396.632106798528, 2363.806907272755], [11381.029810275591, 2356.0971045170118], [11311.204161128588, 2332.6396180074044], [11280.23758343868, 2332.566924391939], [11272.564449143838, 2332.5489118146556], [11264.891314848994, 2332.5308992373725], [11256.944140043619, 2332.5122433537576], [11241.597871453932, 2332.47621819919], [11218.30442805887, 2332.4215371610085], [11202.684118958652, 2332.38486870011], [11179.372662986305, 2340.003321956772], [11164.026394396618, 2339.9672968022055], [11148.4060852964, 2339.930628341307], [11125.093986017722, 2347.823122108499], [11101.800542622661, 2347.7684410703173], [11086.454274032974, 2347.7324159157506], [11070.833964932755, 2347.695747454852], [11063.142818060627, 2355.350869172413], [11055.195643255252, 2355.332213288798], [11047.52250896041, 2355.3142007115143], [11024.229065565347, 2355.259519673332], [11024.211052988065, 2362.9326539681765], [11016.53791869322, 2362.9146413908934], [11008.864784398376, 2362.8966288136094], [11000.917609593002, 2362.877972929994], [10993.244475298157, 2362.859960352711], [10993.226462720873, 2370.5330946475547], [10985.55332842603, 2370.5150820702715], [10985.534672542415, 2378.4622568756454], [10969.914363442196, 2378.4255884147474], [10962.22321657007, 2386.0807101323076], [10954.550082275227, 2386.0626975550244], [10946.584894892569, 2393.7171759662533], [10938.911760597724, 2393.6991633889697], [10931.256638880164, 2386.008016516843], [10915.636329779947, 2385.9713480559444], [10907.963195485103, 2385.9533354786613], [10900.016020679728, 2385.934679595046], [10892.342886384884, 2385.916667017762], [10884.669752090042, 2385.898654440479], [10876.996617795197, 2385.8806418631953], [10869.049442989823, 2385.8619859795804], [10861.376308694978, 2385.843973402297], [10853.703174400134, 2385.8259608250137], [10845.774012172044, 2378.134170646555], [10830.427743582355, 2378.0981454919884], [10822.499224660594, 2370.132314802999], [10807.152956070908, 2370.0962896484316], [10799.497834353348, 2362.4051427763043], [10791.550659547973, 2362.3864868926894], [10783.87752525313, 2362.368474315406], [10776.204390958286, 2362.3504617381227], [10768.257216152911, 2362.331805854508], [10760.60209443535, 2354.6406589823805], [10737.36333207847, 2331.2925345491362], [10729.726866244526, 2315.6542128716346], [10722.071744526966, 2307.9630659995078], [10714.142582298875, 2300.2712758210487], [10714.161238182489, 2292.324101015675], [10706.506116464929, 2284.6329541435466], [10698.850994747369, 2276.9418072714193], [10690.921832519278, 2269.2500170929607], [10683.26735410805, 2261.2848297103033], [10675.612232390486, 2253.593682838176], [10667.683070162399, 2245.9018926597164], [10660.028591751166, 2237.936705277059], [10652.373470033606, 2230.2455584049317], [10644.718348316046, 2222.5544115328044], [10629.116695099443, 2214.570568266532], [10605.877289436232, 2191.496484343818], [10582.620514502069, 2175.8214942054183], [10544.017470978217, 2160.110478912451], [10512.830890509633, 2137.017739106122], [10474.22784698578, 2121.3067238131557], [10450.952416168, 2113.5789084801304], [10427.658972772939, 2113.524227441948], [10419.985838478095, 2113.5062148646643], [10412.312704183252, 2113.4882022873812], [10404.365529377877, 2113.4695464037663], [10404.384185261491, 2105.522371598392], [10389.037916671805, 2105.4863464438254], [10381.108754443712, 2097.7945562653667], [10373.453632726154, 2090.1034093932385], [10365.799154314924, 2082.138222010581], [10357.869992086833, 2074.446431832122], [10350.196857791989, 2074.428419254839], [10342.541736074429, 2066.7372723827116], [10334.886614356867, 2059.0461255105847], [10326.939439551494, 2059.0274696269694], [10311.629839422703, 2043.371135372184], [10296.02754289977, 2035.661332616442], [10280.425889683167, 2027.6774893501695], [10272.770767965605, 2019.9863424780422], [10265.115646248045, 2012.2951956059142], [10234.203749596321, 1988.9290585953875], [10226.27458736823, 1981.2372684169286], [10187.726224882561, 1942.2328097288996], [10180.071103165, 1934.5416628567723], [10172.123928359628, 1934.5230069731574], [10172.142584243242, 1926.5758321677831], [10164.469449948398, 1926.5578195904998], [10156.814328230836, 1918.8666727183718], [10156.83234080812, 1911.193538423528], [10148.885166002747, 1911.1748825399131], [10141.2120317079, 1911.1568699626298], [10133.55690999034, 1903.4657230905025], [10125.628391068582, 1895.4998924015133], [10117.973269351021, 1887.8087455293853], [10110.31814763346, 1880.1175986572582], [10102.663669222231, 1872.1524112746006], [10087.061372699298, 1864.4426085188586], [10079.406250981736, 1856.7514616467313], [10063.804597765133, 1848.7676183804588], [10056.167488624857, 1833.403337213487], [10048.220313819484, 1833.3846813298721], [10032.892057807077, 1825.6755218804615], [10025.218923512233, 1825.6575093031781], [10025.237579395849, 1817.710334497804], [10017.290404590474, 1817.691678614189], [10009.617270295632, 1817.6736660369056], [10001.944136000788, 1817.6556534596216], [9993.996961195413, 1817.6369975760065], [9970.721530377636, 1809.9091822429812], [9963.04839608279, 1809.8911696656978], [9955.375261787945, 1809.8731570884145], [9939.754952687728, 1809.836488627516], [9932.081818392884, 1809.8184760502327], [9908.788374997823, 1809.7637950120502], [9893.442106408134, 1809.7277698574835], [9877.821797307917, 1809.6911013965853], [9854.528353912854, 1809.6364203584037], [9846.855219618012, 1809.6184077811204], [9823.561776222949, 1809.563726742938], [9807.941467122731, 1809.5270582820394], [9792.595198533041, 1809.4910331274727], [9784.648023727668, 1809.4723772438579], [9776.974889432824, 1809.4543646665745], [9761.354580332605, 1809.4176962056763], [9753.68144603776, 1809.399683628393], [9738.335177448074, 1809.3636584738254], [9722.714868347855, 1809.3269900129271], [9707.11257182492, 1801.617187257185], [9683.81912842986, 1801.5625062190034], [9668.491515723787, 1793.5793062590624], [9660.818381428942, 1793.561293681779], [9652.871206623568, 1793.5426377981642], [9652.889219200852, 1785.8695035033195], [9645.216084906007, 1785.8514909260361], [9645.234097483291, 1778.1783566311922], [9637.560963188445, 1778.1603440539088], [9629.632444266688, 1770.1945133649197], [9621.977322549126, 1762.5033664927926], [9621.99533512641, 1754.8302321979488], [9614.322200831566, 1754.8122196206655], [9614.34021340885, 1747.1390853258208], [9606.393038603475, 1747.1204294422057], [9598.738560192247, 1739.1552420595483], [9591.083438474687, 1731.464095187421], [9583.428316757125, 1723.772948315294], [9575.499797835366, 1715.8071176263047], [9560.171541822963, 1708.0979581768934], [9552.24237959487, 1700.4061679984345], [9544.587901183642, 1692.440980615777], [9536.914766888798, 1692.4229680384938], [9536.932779466082, 1684.7498337436498], [9528.985604660707, 1684.731177860035], [9521.330482943147, 1677.0400309879078], [9513.657348648303, 1677.0220184106245], [9506.002226930743, 1669.3308715384965], [9498.073708008984, 1661.3650408495073], [9490.40057371414, 1661.347028272224], [9482.745451996581, 1653.6558814000966], [9474.798277191207, 1653.6372255164817], [9467.143155473645, 1645.9460786443547], [9459.4700211788, 1645.9280660670713], [9451.522846373427, 1645.9094101834562], [9451.541502257041, 1637.9622353780821], [9443.868367962197, 1637.9442228007988], [9428.540111949793, 1630.2350633513875], [9412.937815426858, 1622.5252605956452], [9397.336162210255, 1614.5414173293727], [9389.66302791541, 1614.5234047520894], [9389.681040492695, 1606.8502704572456], [9382.00790619785, 1606.8322578799614], [9374.060731392477, 1606.8136019963465], [9366.405609674915, 1599.1224551242192], [9358.750487957355, 1591.431308252092], [9351.077353662511, 1591.4132956748088], [9343.148834740752, 1583.4474649858196], [9343.166847318034, 1575.7743306909758], [9327.838591305632, 1568.0651712415645], [9319.910072383873, 1560.0993405525753], [9312.254950666313, 1552.408193680448], [9304.59982894875, 1544.717046808321], [9296.671310026992, 1536.7512161193317], [9288.998175732148, 1536.7332035420484], [9281.343054014587, 1529.0420566699204], [9273.687932297025, 1521.3509097977933], [9265.740757491652, 1521.3322539141782], [9265.758770068936, 1513.6591196193344], [9258.085635774092, 1513.641107042051], [9250.412501479248, 1513.6230944647677], [9250.431157362864, 1505.6759196593935], [9242.483982557489, 1505.6572637757786], [9234.828860839927, 1497.9661169036515], [9219.20855173971, 1497.9294484427523], [9203.880295727306, 1490.2202889933417], [9188.278642510702, 1482.2364457270692], [9172.950386498298, 1474.5272862776587], [9165.021224270207, 1466.8354960991992], [9141.727780875146, 1466.7808150610174], [9126.400168169073, 1458.7976151010766], [9110.779859068854, 1458.7609466401782], [9095.45160305645, 1451.0517871907678], [9087.504428251075, 1451.0331313071529], [9079.831293956231, 1451.0151187298686], [9072.158159661389, 1450.9971061525853], [9064.210984856014, 1450.9784502689704], [9056.519837983886, 1458.6335719865308], [9041.1735693942, 1458.597546831964], [9025.534604410364, 1466.50805317644], [8994.550014143175, 1474.1084938558188], [8978.929705042958, 1474.0718253949206], [8971.256570748114, 1474.0538128176372], [8963.58343645327, 1474.0358002403532], [8955.636261647896, 1474.017144356738], [8947.94511477577, 1481.6722660742987], [8940.271980480924, 1481.6542534970154], [8932.324805675551, 1481.6355976134003], [8924.651671380705, 1481.617585036117], [8916.996549663145, 1473.9264381639898], [8909.04937485777, 1473.9077822803747], [8901.376240562926, 1473.8897697030914], [8893.703106268082, 1473.871757125808], [8893.721118845368, 1466.1986228309643], [8886.047984550523, 1466.1806102536802], [8870.44633133392, 1458.1967669874077], [8862.773197039076, 1458.1787544101244], [8854.86204738827, 1442.8138299368215], [8839.533791375865, 1435.104670487411], [8808.585869569573, 1427.0848020665712], [8785.310438751794, 1419.3569867335457], [8738.760220422568, 1403.6273155569636], [8707.82966788723, 1388.2083533518107], [8661.297462135288, 1364.805547880385], [8653.642340417728, 1357.1144010082576], [8645.695165612353, 1357.0957451246427], [8638.02203131751, 1357.0777325473593], [8622.401722217292, 1357.0410640864602], [8614.728587922447, 1357.0230515091769], [8607.055453627603, 1357.0050389318935], [8591.435144527386, 1356.9683704709953], [8568.141701132323, 1356.9136894328135], [8552.795432542634, 1356.8776642782468], [8537.175123442417, 1356.840995817348], [8521.554814342198, 1356.8043273564494], [8521.573470225814, 1348.8571525510754], [8513.90033593097, 1348.839139973792], [8506.227201636126, 1348.8211273965087], [8498.554067341282, 1348.8031148192254], [8490.606892535909, 1348.7844589356102], [8482.951770818347, 1341.0933120634832], [8475.278636523502, 1341.0752994861998], [8467.33146171813, 1341.0566436025847], [8459.67634000057, 1333.365496730457], [8444.074686783966, 1325.3816534641844], [8428.74643077156, 1317.6724940147737], [8421.091309054, 1309.9813471426467], [8413.162790132243, 1302.0155164536575], [8397.816521542552, 1301.9794912990908], [8389.887359314462, 1294.2877011206313], [8382.214225019618, 1294.269688543348], [8374.559103302057, 1286.5785416712206], [8366.611928496683, 1286.5598857876057], [8358.93879420184, 1286.5418732103224], [8351.28367248428, 1278.850726338195], [8335.663363384061, 1278.8140578772961], [8320.335750677988, 1270.8308579173552], [8304.715441577771, 1270.794189456457], [8297.06031986021, 1263.1030425843296], [8289.113145054835, 1263.0843867007147], [8266.093742170304, 1263.0303489688647], [8250.49144564737, 1255.3205462131218], [8242.818311352525, 1255.3025336358385], [8234.871136547152, 1255.2838777522234], [8227.216658135922, 1247.318690369566], [8211.596349035704, 1247.2820219086675], [8203.92321474086, 1247.2640093313842], [8196.268093023298, 1239.572862459257], [8180.64778392308, 1239.5361939983586], [8172.974649628237, 1239.5181814210746], [8157.372353105303, 1231.8083786653324], [8149.699218810459, 1231.790366088049], [8134.371606104386, 1223.8071661281083], [8126.424431299012, 1223.7885102444932], [8118.76930958145, 1216.097363372366], [8095.493878763673, 1208.3695480393399], [8079.891582240737, 1200.6597452835977], [8072.218447945894, 1200.6417327063143], [8056.890835239819, 1192.6585327463733], [8048.9616730117295, 1184.9667425679138], [8033.615404422041, 1184.930717413347], [8025.686242193951, 1177.2389272348883], [8018.013107899108, 1177.220914657605], [8010.358629487879, 1169.2557272749475], [7994.756332964943, 1161.5459245192053], [7979.428076952539, 1153.836765069794], [7963.826423735936, 1145.8529218035214], [7948.206114635718, 1145.8162533426232], [7940.550992918157, 1138.125106470496], [7932.877858623314, 1138.1070938932126], [7924.930683817939, 1138.0884380095977], [7917.257549523096, 1138.0704254323143], [7909.602427805536, 1130.3792785601863], [7901.9292935106905, 1130.361265982903], [7893.982118705318, 1130.342610099288], [7878.635850115628, 1130.3065849447214], [7863.01554101541, 1130.269916483823], [7832.048963325505, 1130.1972228683571], [7808.7555199304425, 1130.1425418301756], [7801.082385635599, 1130.1245292528922], [7793.135210830224, 1130.1058733692773], [7785.462076535381, 1130.087860791994], [7777.770929663253, 1137.7429825095544], [7769.823754857879, 1137.7243266259395], [7754.477486268192, 1137.6883014713728], [7746.804351973347, 1137.6702888940895], [7738.8571771679735, 1137.6516330104744], [7731.166030295847, 1145.306754728035], [7723.492896001001, 1145.2887421507517], [7715.545721195629, 1145.2700862671365], [7707.872586900783, 1145.2520736898525], [7707.853931017168, 1153.1992484952266], [7700.180796722325, 1153.1812359179432], [7692.215609339666, 1160.835714329172], [7676.869340749979, 1160.7996891746054], [7661.2310190724775, 1168.436155008551], [7653.539228894019, 1176.3653172366419], [7645.866094599175, 1176.3473046593585], [7637.918919793801, 1176.3286487757437], [7630.227772921673, 1183.983770493304], [7622.554638626829, 1183.9657579160207], [7606.934329526611, 1183.9290894551225], [7591.570048359639, 1191.5661985953996], [7575.931083375806, 1199.4767049398747], [7568.257949080962, 1199.4586923625914], [7552.637639980744, 1199.422023901693], [7544.964505685899, 1199.4040113244096], [7537.017330880526, 1199.3853554407947], [7529.326184008399, 1207.040477158355], [7506.0327406133365, 1206.9857961201735], [7490.686472023649, 1206.9497709656068], [7482.739297218275, 1206.931115081992], [7475.048150346147, 1214.5862367995524], [7467.375016051303, 1214.568224222269], [7459.427841245929, 1214.5495683386541], [7451.754706951085, 1214.5315557613699], [7444.081572656241, 1214.5135431840865], [7428.479276133307, 1206.8037404283443], [7405.185832738245, 1206.7490593901628], [7389.839564148558, 1206.713034235596], [7381.892389343184, 1206.6943783519812], [7366.564133330777, 1198.9852189025698], [7358.8909990359325, 1198.9672063252865], [7350.943824230559, 1198.9485504416714], [7343.2706899357145, 1198.930537864388], [7327.669036719112, 1190.9466945981155], [7312.340780706708, 1183.237535148705], [7296.738484183775, 1175.5277323929622], [7289.0653498889305, 1175.5097198156789], [7281.392215594086, 1175.4917072383955], [7273.463696672327, 1167.5258765494063], [7265.790562377483, 1167.507863972123], [7258.11742808264, 1167.4898513948397], [7242.497118982422, 1167.4531829339412], [7226.894822459486, 1159.7433801781983], [7195.964913230479, 1144.0503774625154], [7157.343213823011, 1136.2865369749225], [7141.740917300077, 1128.5767342191803], [7134.067783005234, 1128.558721641897], [7126.394648710389, 1128.5407090646136], [7118.447473905016, 1128.5220531809985], [7103.101205315327, 1128.4860280264318], [7095.154030509953, 1128.4673721428169], [7087.480896215109, 1128.4493595655335], [7079.807761920266, 1128.4313469882495], [7064.187452820048, 1128.394678527351], [7056.514318525204, 1128.3766659500677], [7033.220875130142, 1128.3219849118861], [7025.547740835296, 1128.3039723346028], [7017.600566029924, 1128.2853164509877], [7002.236284862951, 1135.922425591265], [6986.615975762733, 1135.8857571303665], [6978.942841467889, 1135.8677445530832], [6971.2697071730445, 1135.8497319757992], [6963.322532367671, 1135.8310760921843], [6955.649398072827, 1135.813063514901], [6940.011076395326, 1143.4495293488465], [6932.337942100483, 1143.431516771563], [6924.664807805639, 1143.4135041942798], [6916.698977116649, 1151.342023116039], [6909.025842821806, 1151.3240105387556], [6909.007830244522, 1158.9971448335994], [6901.316683372395, 1166.65226655116], [6893.643549077551, 1166.6342539738766], [6877.986571516434, 1182.2178946131962], [6854.656459660473, 1197.7835226752327], [6839.000125405689, 1213.093122804022], [6815.962709943873, 1220.712219367016], [6807.996879254883, 1228.640738288775], [6792.632598087912, 1236.2778474290521], [6769.302486231953, 1251.8434754910886], [6745.973017682324, 1267.1350630425945], [6714.969771531519, 1282.6826785273468], [6699.331449854017, 1290.3191443612923], [6683.711140753799, 1290.282475900394], [6676.019993881672, 1297.9375976179545], [6660.655069408368, 1305.848747268762], [6652.68988202571, 1313.503225679991], [6637.32560085874, 1321.140334820268], [6629.378426053366, 1321.121678936653], [6621.686635874907, 1329.050841164744], [6614.013501580062, 1329.0328285874607], [6606.048314197405, 1336.6873069986896], [6598.37517990256, 1336.6692944214062], [6583.010898735591, 1344.3064035616833], [6575.063723930216, 1344.2877476780684], [6559.717455340528, 1344.2517225235017], [6551.75162465154, 1352.18024144526], [6536.405356061851, 1352.1442162906933], [6528.440168679193, 1359.7986947019222], [6513.075887512223, 1367.4358038421994], [6505.384740640094, 1375.0909255597599], [6497.437565834721, 1375.072269676145], [6489.745775656261, 1383.0014319042357], [6466.416307106632, 1398.2930194557418], [6451.033370056045, 1413.8773034013932], [6427.685245622802, 1437.1160657582734], [6412.046923945301, 1444.752531592219], [6404.355777073173, 1452.4076533097793], [6396.389946384184, 1460.3361722315385], [6388.71681208934, 1460.3181596542552], [6381.043677794496, 1460.3001470769718], [6381.025665217212, 1467.9732813718158], [6373.352530922369, 1467.9552687945325], [6365.387343539712, 1475.6097472057613], [6357.714209244868, 1475.591734628478], [6357.695553361253, 1483.538909433852], [6350.022419066409, 1483.5208968565687], [6342.075244261035, 1483.5022409729538], [6334.384097388906, 1491.1573626905142], [6326.692950516779, 1498.8124844080749], [6311.035972955662, 1514.3961250473944], [6311.017960378379, 1522.0692593422384], [6303.326813506251, 1529.7243810597988], [6303.290145045354, 1545.3446901600169], [6295.5989981732255, 1552.9998118775775], [6295.471623519578, 1607.2598329625457], [6287.396430754226, 1661.7752386744287], [6287.233030946011, 1731.3815283490849], [6279.559896651168, 1731.3635157718015], [6279.52322819027, 1746.9838248720196], [6263.848238051869, 1770.2405998061831], [6248.429275846717, 1801.171152341522], [6240.445432580444, 1816.7728055581251], [6240.427420003161, 1824.4459398529698], [6232.736273131033, 1832.1010615705302], [6225.02647037529, 1847.7033580934649], [6217.335323503164, 1855.3584798110255], [6201.697001825662, 1862.994945644971], [6194.005211647203, 1870.924107873061], [6186.058036841829, 1870.905451989446], [6178.366889969702, 1878.5605737070073], [6170.693755674859, 1878.5425611297233], [6162.746580869484, 1878.5239052461081], [6155.073446574641, 1878.5058926688248], [6147.400312279795, 1878.4878800915415], [6124.106868884734, 1878.4331990533599], [6108.4865597845155, 1878.3965305924617], [6093.140291194827, 1878.360505437895], [6085.193116389453, 1878.3418495542799], [6077.519982094609, 1878.3238369769958], [6062.173713504922, 1878.2878118224291], [6046.5534044047035, 1878.2511433615307], [6030.9330953044855, 1878.2144749006325], [6023.259961009642, 1878.1964623233491], [6015.586826714798, 1878.1784497460658], [5999.96651761458, 1878.1417812851676], [5992.293383319736, 1878.1237687078842], [5984.620249024891, 1878.1057561306], [5976.673074219518, 1878.087100246985], [5968.999939924673, 1878.0690876697017], [5961.326805629829, 1878.0510750924184], [5953.361618247171, 1885.7055535036473], [5938.015349657483, 1885.6695283490806], [5930.049518968493, 1893.5980472708397], [5922.37638467365, 1893.5800346935564], [5914.685237801524, 1901.2351564111168], [5907.0121035066795, 1901.2171438338335], [5899.046916124022, 1908.8716222450623], [5899.028903546739, 1916.5447565399063], [5891.355769251895, 1916.526743962623], [5883.663979073436, 1924.4559061907137], [5875.698791690777, 1932.1103846019425], [5868.00764481865, 1939.7655063195032], [5852.368679834817, 1947.676012663979], [5844.695545539973, 1947.6580000866957], [5844.677532962691, 1955.3311343815394], [5837.0043986678465, 1955.313121804256], [5829.331264373002, 1955.2951092269727], [5821.3840895676285, 1955.2764533433578], [5813.6929426955, 1962.9315750609182], [5806.019808400655, 1962.913562483635], [5790.380843416822, 1970.82406882811], [5782.707709121978, 1970.8060562508267], [5774.742521739322, 1978.4605346620556], [5767.069387444478, 1978.4425220847722], [5759.37824057235, 1986.0976438023329], [5759.360227995067, 1993.7707780971773], [5751.687093700223, 1993.7527655198933], [5751.668437816608, 2001.6999403252676], [5743.70325043395, 2009.3544187364964], [5735.975435100924, 2032.6298495542756], [5728.265632345182, 2048.2321460772105], [5720.282432385241, 2063.559758783283], [5720.264419807958, 2071.232893078127], [5712.5726296295, 2079.1620553062176], [5712.554617052216, 2086.8351896010618], [5704.8814827573715, 2086.817177023778], [5696.8976394911, 2102.4188302403813], [5689.206492618971, 2110.073951957942], [5689.188480041689, 2117.7470862527857], [5681.515345746845, 2117.729073675502], [5673.823555568387, 2125.6582359035933], [5673.805542991103, 2133.331370198437], [5665.858368185728, 2133.312714314822], [5665.840355608444, 2140.985848609666], [5658.130552852703, 2156.5881451326004], [5650.457418557859, 2156.5701325553173], [5650.4394059805745, 2164.243266850161], [5642.474218597918, 2171.89774526139], [5634.764415842175, 2187.5000417843244], [5627.091281547329, 2187.4820292070413], [5627.073268970047, 2195.155163501885], [5619.10808158739, 2202.809641913115], [5611.380266254363, 2226.0850727308934], [5603.67046349862, 2241.687369253828], [5603.652450921338, 2249.3605035486717], [5595.960660742879, 2257.289665776763], [5595.906623011028, 2280.309068661294], [5587.940792322039, 2288.2375875830535], [5587.922779744757, 2295.9107218778972], [5580.249645449912, 2295.8927093006137], [5580.212976989013, 2311.5130184008317], [5572.521830116885, 2319.1681401183923], [5572.467149078704, 2342.461583513454], [5564.483949118763, 2357.7891962195276], [5556.774146363022, 2373.3914927424626], [5556.519397055727, 2481.9115349123986], [5564.173875466956, 2489.876722295056], [5564.119837735105, 2512.896125179588], [5579.4667416444145, 2629.400010615797], [5579.230004914404, 2730.2469184908887], [5586.885126631963, 2737.9380653630164], [5586.685058362852, 2823.1646641378907], [5594.613577284611, 2831.1304948268794], [5594.522871091863, 2869.7702068116296], [5602.159336925807, 2885.408528489131], [5601.941256079412, 2978.3082615588487], [5609.395666221527, 3071.500047716381], [5609.158929491517, 3172.346955591473], [5624.524489284441, 3280.9036662223075], [5632.088261502923, 3327.508565589715], [5631.942874271992, 3389.4417209695275], [5639.579340105938, 3405.0800426470287], [5639.451965452291, 3459.340063731997], [5647.326446642199, 3490.3252973055173], [5647.199071988552, 3544.5853183904856], [5654.798869361599, 3575.843949168205], [5654.61681366977, 3653.397413648236], [5662.21725434915, 3684.3820039154252], [5661.817117810924, 3854.835201465173], [5654.016608862433, 3909.077209972858], [5646.2887935294075, 3932.352640790637], [5646.216099913941, 3963.3192184805425], [5653.852565747889, 3978.957540158044], [5653.470441786946, 4141.737603412948], [5661.124920198175, 4149.702790795606], [5660.979532967244, 4211.635946175418], [5668.89003931172, 4227.274911159251], [5668.671958465324, 4320.174644228969], [5660.670102621768, 4343.449431740416], [5660.378684853576, 4467.5897830105705], [5668.253166043484, 4498.575016584092], [5668.235153466201, 4506.248150878935], [5675.871619300146, 4521.886472556437], [5675.816938261964, 4545.179915951499], [5683.435391518627, 4568.491371923845], [5683.3626979031615, 4599.457949613751], [5690.981151159824, 4622.769405586097], [5698.873644927015, 4646.081504864773], [5698.837619772449, 4661.427773454461], [5706.474085606394, 4677.066095131963], [5706.4194045682125, 4700.359538527025], [5714.019845247592, 4731.344128794214], [5721.912339014782, 4754.656228072891], [5729.530792271445, 4777.967684045237], [5737.113220373541, 4816.62540860727], [5737.039883451744, 4847.8660268077065], [5744.914364641652, 4878.851260381227], [5744.841671026188, 4909.817838071133], [5752.4781368601325, 4925.456159748635], [5752.442111705566, 4940.802428338323], [5760.078577539511, 4956.440750015825], [5767.733699257072, 4964.131896887952], [5775.644205601548, 4979.770861871785], [5783.281314741825, 4995.135143038756], [5783.26265885821, 5003.082317844131], [5790.899767998488, 5018.446599011102], [5798.792261765679, 5041.758698289779], [5806.428727599626, 5057.39701996728], [5806.374046561444, 5080.690463362343], [5813.992499818106, 5104.001919334688], [5813.938462086255, 5127.02132221922], [5821.866981008015, 5134.987152908209], [5821.812299969833, 5158.2805963032715], [5829.430753226495, 5181.592052275617], [5837.067862366772, 5196.9563334425875], [5844.722984084333, 5204.647480314716], [5844.686315623434, 5220.267789414934], [5852.578809390627, 5243.579888693611], [5860.233931108186, 5251.271035565737], [5860.215275224571, 5259.218210371112], [5875.78154659294, 5282.274281716543], [5891.054478260831, 5313.550925071545], [5929.8408561024635, 5367.902295655594], [5960.698071716006, 5414.561876061183], [5968.335180856283, 5429.926157228154], [6038.088136387823, 5484.350221427669], [11690.542240666424, 5924.302705942999]]]}, "properties": {"objectType": "annotation", "name": "Tumor", "classification": {"name": "Tumor", "color": [200, 0, 0]}}}, {"type": "Feature", "id": "0900bcdc-b20b-46d3-8c41-21982f59593e", "geometry": {"type": "Polygon", "coordinates": [[[5496.04846898082, 1975.6139680386277], [5503.447562765134, 1975.6313373095795], [5511.120697059978, 1975.6493498868629], [5518.519790844291, 1975.6667191578144], [5526.192925139135, 1975.6847317350978], [5533.592018923448, 1975.7021010060496], [5540.991112707763, 1975.719470277002], [5548.681616273559, 1968.338389069971], [5563.753844352716, 1968.373770918207], [5563.7718569300005, 1960.7006366233622], [5571.170950714314, 1960.7180058943147], [5578.587413769579, 1953.3362813809522], [5586.277917335376, 1945.955200173922], [5601.129499329521, 1923.2445763418243], [5616.236465950584, 1908.4817706214317], [5623.92761282271, 1900.8266489038713], [5631.344075877977, 1893.4449243905094], [5646.45168580537, 1878.4080781595871], [5653.868148860635, 1871.0263536462246], [5661.285255222233, 1863.3705886223324], [5661.302624493184, 1855.971494838019], [5668.99312805898, 1848.590413630989], [5676.427603691531, 1833.5355548227826], [5684.153489105561, 1811.0822455365942], [5691.58796473811, 1796.0273867283886], [5691.605334009062, 1788.6282929440745], [5699.004427793375, 1788.645662215027], [5706.695574665503, 1780.9905404974656], [5706.712943936455, 1773.5914467131522], [5714.129406991721, 1766.2097221997903], [5721.546513353318, 1758.5539571758982], [5729.2370169191145, 1751.1728759688674], [5729.255029496398, 1743.4997416740234], [5744.361996117458, 1728.7369359536317], [5744.3973779656935, 1713.6647078744736], [5751.8318535982435, 1698.609849066268], [5759.2663292307925, 1683.5549902580615], [5766.956832796588, 1676.1739090510314], [5766.992214644824, 1661.1016809718733], [5774.426046971041, 1646.320862674198], [5781.86052260359, 1631.2660038659917], [5789.551669475718, 1623.610882148431], [5789.586408017622, 1608.8126945798035], [5797.003514379219, 1601.1569295559113], [5797.020883650171, 1593.757835771598], [5804.711387215968, 1586.3767545645676], [5812.128493577564, 1578.7209895406756], [5812.145862848516, 1571.3218957563613], [5819.562969210113, 1563.6661307324691], [5819.580338481065, 1556.2670369481557], [5834.687948408458, 1541.2301907172327], [5834.70531767941, 1533.831096932919], [5842.121780734677, 1526.4493724195574], [5849.812927606803, 1518.7942507019968], [5849.830296877754, 1511.3951569176827], [5857.247403239352, 1503.7393918937905], [5864.9552760761, 1488.959216902446], [5872.3723824376975, 1481.3034518785548], [5879.7888454929625, 1473.9217273651923], [5887.47934905876, 1466.5406461581622], [5894.896455420356, 1458.88488113427], [5902.330931052905, 1443.8300223260644], [5910.0214346187, 1436.4489411190334], [5917.437897673965, 1429.0672166056718], [5925.146413817045, 1414.013001103797], [5932.54550760136, 1414.0303703747495], [5932.562876872312, 1406.6312765904352], [5939.961970656625, 1406.648645861387], [5947.653117528754, 1398.9935241438263], [5947.670486799705, 1391.594430359513], [5955.069580584019, 1391.6117996304647], [5955.087593161301, 1383.9386653356207], [5962.486686945615, 1383.9560346065725], [5970.17719051141, 1376.5749533995424], [5977.611666143961, 1361.520094591336], [5992.70126349407, 1354.1563826552576], [6000.117726549335, 1346.7746581418958], [6000.135739126619, 1339.101523847052], [6007.808873421463, 1339.1195364243354], [6015.22533647673, 1331.7378119109735], [6022.624430261044, 1331.7551811819253], [6030.315577133171, 1324.1000594643647], [6037.732040188436, 1316.718334951003], [6045.4051744832805, 1316.7363475282864], [6060.220731322861, 1309.3719922858763], [6075.310971979301, 1301.7342398392675], [6082.727435034566, 1294.3525153259056], [6090.400569329409, 1294.370527903189], [6097.817675691007, 1286.7147628792968], [6112.889903770166, 1286.750144727532], [6127.979501120275, 1279.3864327914534], [6142.7950579598555, 1272.0220775490434], [6157.8672860390125, 1272.0574593972785], [6172.957526695454, 1264.4197069506706], [6180.356620479768, 1264.4370762216222], [6188.047124045564, 1257.0559950145914], [6202.845311614192, 1257.0907335564955], [6210.535815179987, 1249.7096523494654], [6217.934908964301, 1249.7270216204172], [6225.608043259144, 1249.7450341977005], [6233.025149620744, 1242.0892691738084], [6240.4242434050575, 1242.10663844476], [6248.097377699901, 1242.1246510220433], [6263.18697505001, 1234.760939085965], [6270.586068834324, 1234.7783083569166], [6278.003175195921, 1227.1225433330246], [6285.676309490765, 1227.1405559103086], [6300.491866330343, 1219.776200667898], [6308.1650006251875, 1219.794213245182], [6315.564094409501, 1219.8115825161337], [6323.254597975298, 1212.4305013091027], [6330.653691759611, 1212.4478705800552], [6338.052785543925, 1212.465239851007], [6353.143026200367, 1204.8274874043982], [6360.542119984681, 1204.8448566753498], [6368.232623550477, 1197.4637754683197], [6375.631717334791, 1197.4811447392715], [6383.304851629634, 1197.4991573165548], [6398.120408469213, 1190.1348020741448], [6405.793542764057, 1190.1528146514281], [6413.210649125656, 1182.497049627536], [6420.609742909969, 1182.5144188984884], [6428.282877204813, 1182.5324314757718], [6435.699340260078, 1175.15070696241], [6443.390487132205, 1167.4955852448488], [6465.87917826663, 1160.1492425797228], [6473.295641321895, 1152.7675180663603], [6480.712747683492, 1145.111753042468], [6488.385881978335, 1145.1297656197514], [6495.784975762651, 1145.147134890704], [6503.475479328446, 1137.7660536836731], [6510.87457311276, 1137.7834229546256], [6518.273666897073, 1137.8007922255772], [6525.946801191917, 1137.8188048028605], [6533.345894976231, 1137.8361740738123], [6540.762358031498, 1130.4544495604505], [6548.435492326341, 1130.4724621377338], [6555.8345861106545, 1130.4898314086856], [6563.507720405499, 1130.507843985969], [6570.924826767096, 1122.8520789620768], [6593.41351790152, 1115.50573629695], [6608.485745980677, 1115.541118145186], [6615.902852342275, 1107.8853531212937], [6623.57598663712, 1107.903365698577], [6646.064677771543, 1100.5570230334504], [6660.880234611123, 1093.1926677910403], [6683.643609562407, 1085.5729279217148], [6691.0600726176735, 1078.1912034083532], [6706.149669967783, 1070.8274914722747], [6713.548763752097, 1070.8448607432265], [6728.65637367949, 1055.8080145123042], [6758.562171175511, 1040.8059068232853], [6781.068874887217, 1025.7864298633149], [6796.1758415082795, 1011.0236241429221], [6803.848975803124, 1011.0416367202055], [6811.26608216472, 1003.3858716963133], [6818.682545219986, 996.0041471829516], [6833.7727858764265, 988.3663947363428], [6848.862383226537, 981.0026828002643], [6863.96999315393, 965.9658365693421], [6871.386456209195, 958.5841120559803], [6878.78554999351, 958.601481326932], [6886.476053559306, 951.2204001199019], [6893.87514734362, 951.2377693908536], [6908.982757271013, 936.2009231599313], [6916.381851055326, 936.218292430883], [6916.399863632609, 928.5451581360393], [6924.072997927452, 928.5631707133226], [6931.4720917117675, 928.5805399842743], [6931.489460982719, 921.1814461999601], [6938.8885547670325, 921.1988154709126], [6946.561689061877, 921.2168280481959], [6953.9781521171435, 913.835103534834], [6961.395258478739, 906.179338510942], [6969.0683927735845, 906.1973510882253], [6969.17389501196, 861.2547073612822], [6961.518129988066, 853.8376009996846], [6954.137048781035, 846.147097433889], [6946.772693538625, 831.3315405943088], [6924.336753523388, 816.206561395964], [6901.644142268575, 793.6818451069739], [6886.863967277231, 785.9739722702259], [6879.20820225334, 778.5568659086291], [6871.809108469025, 778.5394966376766], [6871.826477739976, 771.1404028533631], [6864.427383955664, 771.1230335824114], [6864.445396532946, 763.4498992875675], [6856.772262238102, 763.4318867102835], [6849.39053772474, 756.0154236550183], [6849.408550302024, 748.3422893601744], [6841.73541600718, 748.3242767828903], [6841.752785278132, 740.9251829985768], [6834.371060764769, 733.5087199433109], [6826.989979557739, 725.8182163775153], [6819.351583804799, 711.0020162316042], [6811.970502597768, 703.3115126658087], [6804.588778084408, 695.8950496105427], [6804.606790661691, 688.2219153156989], [6796.951025637798, 680.8048089541013], [6789.587313701719, 665.7152116039914], [6781.948917948779, 650.8990114580804], [6767.20412480567, 628.1189105421751], [6759.548359781778, 620.7018041805782], [6752.1846478457, 605.6122068304684], [6744.802923332337, 598.1957437752025], [6737.147801614778, 590.5045969030753], [6737.165170885729, 583.105503118761], [6722.128324654807, 567.9978931913678], [6714.763969412397, 553.1823363517884], [6707.400257476317, 538.0927390016785], [6707.418270053601, 530.4196047068348], [6699.762505029708, 523.0024983452379], [6684.999699309317, 507.8955317241764], [6677.361303556378, 493.07933157826534], [6662.324457325456, 477.97172165087215], [6654.943376118424, 470.28121808507586], [6647.561651605061, 462.8647550298106], [6639.905886581169, 455.44764866821305], [6632.52480537414, 447.7571451024175], [6625.143080860778, 440.3406820471515], [6617.487315836885, 432.92357568555394], [6602.433100335012, 425.21505954247505], [6595.051375821649, 417.79859648720907], [6595.0693883989325, 410.1254621923652], [6587.670294614619, 410.1080929214135], [6580.014529590728, 402.69098655981594], [6572.615435806413, 402.6736172888642], [6572.6328050773645, 395.2745235045507], [6565.233711293051, 395.2571542335982], [6557.57858957549, 387.56600736147107], [6550.196865062128, 380.1495443062051], [6535.142006253921, 372.71506867365656], [6527.778294317844, 357.6254713235467], [6520.105160022999, 357.6074587462634], [6512.724078815971, 349.9169551804671], [6505.342354302608, 342.5004921252019], [6497.669220007765, 342.48247954791776], [6475.233279992526, 327.3575003495729], [6467.851555479167, 319.9410372943077], [6452.796696670961, 312.5065616617584], [6445.415615463929, 304.8160580959621], [6437.742481169084, 304.79804551867875], [6430.360756655723, 297.3815824634135], [6415.306541153849, 289.6730663203339], [6407.924816640486, 282.2566032650679], [6392.86995783228, 274.82212763251937], [6385.488876625252, 267.131624066723], [6370.434017817046, 259.6971484341745], [6362.778252793153, 252.2800420725769], [6355.397171586121, 244.58953850678134], [6347.998077801807, 244.57216923582885], [6340.342312777915, 237.15506287423204], [6332.9432189936015, 237.13769360328033], [6325.562137786573, 229.447190037484], [6317.889003491727, 229.42917746020066], [6310.489909707414, 229.41180818924894], [6310.507278978365, 222.01271440493468], [6302.834144683521, 221.99470182765134], [6302.851513954473, 214.59560804333788], [6295.470432747444, 206.90510447754153], [6288.088708234082, 199.48864142227634], [6280.450955787474, 184.3984007658349], [6273.087243851393, 169.3088034157251], [6265.705519338032, 161.8923403604599], [6258.032385043188, 161.8743277831758], [6258.049754314139, 154.4752339988623], [6250.650660529826, 154.4578647279106], [6250.66867310711, 146.78473043306676], [6242.995538812266, 146.76671785578264], [6243.012908083218, 139.36762407146915], [6235.613814298905, 139.35025480051743], [6228.232089785542, 131.93379174525148], [6220.576968067981, 124.24264487312429], [6213.19524355462, 116.82618181785833], [6205.522109259776, 116.80816924057498], [6198.158397323698, 101.71857189046518], [6183.103538515491, 94.28409625791586], [6168.323363524147, 86.5762234211686], [6160.667598500255, 79.159117059571], [6153.2858739868925, 71.7426540043058], [6145.630752269333, 64.05150713217786], [6130.849933971656, 56.61767480596018], [6123.194812254096, 48.92652793383299], [6115.795718469783, 48.90915866288128], [6108.413993956421, 41.49269560761531], [6100.740859661576, 41.47468303033197], [6093.359135148214, 34.058219975066], [6085.704013430653, 26.36707310293882], [6070.923195132979, 18.93324077672114], [6055.886348902054, 3.82563084932799], [6048.504624388693, -3.590832205937204], [6033.45040888682, -11.299348349016872], [6018.395550078614, -18.733823981566182], [6010.996456294299, -18.751193252517897], [5980.88738198422, -33.894185028146104], [5958.433429391699, -41.346029931647124], [5935.979476799181, -48.79787483514815], [5920.925261297304, -56.50639097822782], [5898.4539394338335, -56.559142097414586], [5875.999986841314, -64.0109870009156], [5860.927758762157, -64.04636884915067], [5845.855530682999, -64.0817506973865], [5823.40222139681, -71.80763611141788], [5808.604033828183, -71.8423746533213], [5785.876040725132, -79.29486286315395], [5771.077853156505, -79.32960140505737], [5748.606531293032, -79.38235252424492], [5733.534303213875, -79.41773437247998], [5718.462075134717, -79.45311622071581], [5703.389847055559, -79.48849806895086], [5688.591659486932, -79.52323661085428], [5665.846297112929, -79.57663103637346], [5643.374975249459, -79.62938215556024], [5620.903653385986, -79.68213327474777], [5598.432331522516, -79.73488439393454], [5583.360103443357, -79.77026624217036], [5568.5619158747295, -79.8050047840738], [5553.4896877955725, -79.84038663230885], [5531.0183659321, -79.8931377514964], [5508.273003558099, -79.94653217701479], [5485.784312423674, -72.60018951188886], [5470.986124855048, -72.63492805379228], [5463.312990560204, -72.65294063107562], [5448.240762481045, -72.68832247931068], [5433.442574912418, -72.72306102121487], [5410.971253048946, -72.77581214040164], [5403.298118754102, -72.79382471768498], [5388.225890674945, -72.82920656592081], [5373.4277031063175, -72.86394510782425], [5358.355475027159, -72.89932695606008], [5350.956381242845, -72.91669622701178], [5335.884153163688, -72.95207807524685], [5328.211018868844, -72.97009065253019], [5320.811925084529, -72.9874599234819], [5305.739697005371, -73.02284177171772], [5298.340603221058, -73.04021104266944], [5283.268375141901, -73.0755928909045], [5268.196147062742, -73.11097473914033], [5260.797053278428, -73.12834401009204], [5245.724825199271, -73.1637258583271], [5230.926637630642, -73.19846440023129], [5215.836396974203, -65.56071195362252], [5193.365075110731, -65.61346307280928], [5185.6919408158865, -65.63147565009263], [5178.292847031573, -65.64884492104511], [5163.203249681463, -58.28513298496669], [5148.113009025021, -50.6473805383579], [5133.314821456394, -50.68211908026132], [5095.736532971861, -35.972064479056186], [5073.2298292601545, -20.952587519085636], [5058.140231910043, -13.58887558300721], [5035.633528198337, 1.430601376963341], [5013.144193757582, 9.050984552620411], [4998.03722713652, 23.81379027301232], [4990.620120774924, 31.469555296904446], [4975.5305234248135, 38.83326723298287], [4967.840019859018, 46.21434844001378], [4945.315303570027, 68.90695969482817], [4930.482377459495, 83.67040872155248], [4915.374767532104, 98.70725495247474], [4900.2671576047105, 113.744101183397], [4885.1595476773155, 128.7809474143193], [4885.142178406364, 136.18004119863352], [4877.725715351099, 143.5617657119953], [4870.326621566785, 143.54439644104357], [4870.308608989501, 151.21753073588744], [4862.618105423706, 158.59861194291756], [4855.201642368441, 165.9803364562801], [4847.510495496313, 173.6354581738406], [4847.49312622536, 181.03455195815408], [4840.076019863764, 188.6903169820462], [4832.642187537546, 203.47113527972223], [4832.60680568931, 218.54336335887956], [4824.9163021235145, 225.92444456591048], [4824.634533950296, 345.9541881781122], [4832.289655667856, 353.64533505024013], [4832.201522700434, 391.188884992869], [4839.583247213795, 398.605348048135], [4839.512483517324, 428.7498042064504], [4846.894208030686, 436.16626726171637], [4854.54997305458, 443.5833736233132], [4854.531960477296, 451.2565079181578], [4861.913684990657, 458.672970973423], [4861.896315719706, 466.0720647577373], [4869.551437437267, 473.76321162986443], [4884.332255734942, 481.19704395608215], [4891.97000818155, 496.2872846125236], [4899.351732694913, 503.7037476677888], [4906.750826479227, 503.72111693874126], [4914.405948196787, 511.4122638108684], [4921.8050419811, 511.42963308182016], [4929.460807004993, 518.8467394434177], [4944.241625302669, 526.2805717696347], [4951.896747020229, 533.9717186417625], [4959.295840804542, 533.9890879127144], [4966.677565317904, 541.4055509679803], [4981.73178081978, 549.1140671110592], [4989.387545843672, 556.5311734726567], [4996.769270357034, 563.947636527922], [5011.823485858908, 571.6561526710017], [5026.6043041565845, 579.0899849972193], [5041.65916296479, 586.5244606297687], [5049.296915411398, 601.6147012862093], [5071.750224697587, 609.3405867002407], [5086.513673724309, 624.1735128107719], [5101.567889226184, 631.8820289538515], [5109.223654250077, 639.2991353154483], [5116.622748034391, 639.3165045864008], [5139.058688049627, 654.4414837847456], [5161.494628064863, 669.5664629830906], [5176.549486873068, 677.0009386156398], [5191.604345681274, 684.4354142481892], [5206.38452067262, 692.1432870849364], [5214.057654967464, 692.1612996622198], [5229.129883046621, 692.1966815104556], [5243.910701344296, 699.6305138366725], [5251.5838356391405, 699.6485264139566], [5266.364010630485, 707.3563992507039], [5274.037144925329, 707.3744118279873], [5281.4362387096435, 707.3917810989398], [5296.508466788801, 707.4271629471748], [5296.491097517849, 714.8262567314882], [5311.563325597007, 714.8616385797241], [5318.96241938132, 714.8790078506757], [5334.0346474604785, 714.9143896989109], [5341.433741244792, 714.9317589698626], [5356.50596932395, 714.9671408180984], [5363.905063108263, 714.9845100890501], [5371.578197403109, 715.0025226663334], [5378.95992191647, 722.4189857215994], [5386.359015700784, 722.4363549925512], [5401.431243779941, 722.4717368407862], [5409.086365497501, 730.1628837129141], [5416.485459281816, 730.1802529838659], [5423.867183795178, 737.596716039131], [5438.939411874335, 737.6320978873669], [5446.303123810412, 752.7216952374766], [5461.35798261862, 760.1561708700252], [5476.412198120494, 767.8646870131049], [5483.793922633857, 775.2811500683708], [5491.449687657747, 782.6982564299677], [5506.229862649093, 790.4061292667158], [5513.885627672985, 797.8232356283125], [5521.267352186347, 805.2396986835785], [5528.905104632955, 820.3299393400199], [5543.685279624299, 828.0378121767673], [5558.722769161553, 842.8713815936308], [5573.759615392476, 857.9789915210239], [5581.1413399058365, 865.3954545762891], [5588.796461623399, 873.0866014484163], [5588.779092352447, 880.4856952327306], [5596.160173559477, 888.1761987985261], [5596.142804288525, 895.5752925828403], [5603.506516224605, 910.6648899329501], [5611.162281248495, 918.081996294547], [5618.525993184574, 933.1715936446568], [5626.181758208466, 940.5887000062544], [5626.163745631182, 948.2618343010982], [5633.545470144545, 955.6782973563635], [5640.927194657907, 963.0947604116294], [5648.582316375467, 970.7859072837566], [5655.964040888829, 978.2023703390225], [5663.327752824908, 993.2919676891323], [5670.983517848798, 1000.7090740507292], [5678.347229784879, 1015.798671400839], [5693.402088593085, 1023.2331470333883], [5700.765800529162, 1038.322744383498], [5730.857505568291, 1060.8648299434406], [5745.894351799214, 1075.9724398708338], [5768.330291814451, 1091.0974190691786], [5783.093740841174, 1105.9303451797098], [5798.1479563430485, 1113.6388613227894], [5805.803721366941, 1121.0559676843861], [5813.202815151254, 1121.073336955338], [5813.18480257397, 1128.7464712501826], [5820.583896358284, 1128.7638405211342], [5820.566527087332, 1136.1629343054478], [5828.239661382176, 1136.1809468827312], [5828.18691026299, 1158.6522687462027], [5813.09731291288, 1166.015980682282], [5797.971690408203, 1188.725961208048], [5782.846711209857, 1211.1619012232845], [5760.269887108013, 1256.0517938310402], [5752.853424052746, 1263.4335183444027], [5752.818042204511, 1278.50574642356], [5481.609897638239, 1705.6486833182025], [5481.5397772481, 1735.5190989659877], [5474.069919767317, 1765.6461858533514], [5474.035181225413, 1780.4443734219792], [5466.618074863815, 1788.1001384458712], [5466.565323744628, 1810.571460309343], [5458.839438330599, 1833.024769595531], [5458.822069059645, 1840.4238633798445], [5451.404962698048, 1848.0796284037367], [5451.246709340487, 1915.4935939941522], [5458.628433853848, 1922.9100570494174], [5466.266186300458, 1938.0002977058589], [5473.629898236535, 1953.0898950559686], [5481.0116227498975, 1960.5063581112345], [5488.666744467457, 1968.1975049833618], [5496.04846898082, 1975.6139680386277]]]}, "properties": {"objectType": "annotation", "name": "Tumor", "classification": {"name": "Tumor", "color": [200, 0, 0]}}}, {"type": "Feature", "id": "24cb0681-81ca-453b-b526-9fd842f0851f", "geometry": {"type": "Polygon", "coordinates": [[[5870.47475654699, 421.85254526772115], [5875.407485736533, 421.86412478168893], [5880.066174415547, 421.8750609893251], [5884.998903605088, 421.88664050329294], [5889.657592284101, 421.89757671092985], [5894.316280963113, 421.90851291856603], [5899.249010152656, 421.92009243253386], [5903.907698831667, 421.93102864017004], [5908.85200753518, 417.00987896459526], [5913.510696214192, 417.02081517223223], [5918.169384893205, 417.0317513798684], [5923.102114082748, 417.0433308938362], [5932.419491440773, 417.06520330910934], [5942.0218455169625, 412.4290303517011], [5956.2719520645305, 412.4624822809413], [5965.874306140722, 407.8263093235338], [5970.532994819733, 407.83724553116997], [5980.1359922022575, 402.92703206323137], [5985.0796575994345, 398.27992289818695], [5994.407971165097, 393.6431066344471], [5999.352279868607, 388.72195695887314], [6004.010968547619, 388.7328931665093], [6013.613322623811, 384.0967202091011], [6018.283590816792, 379.17492722719464], [6018.294527024427, 374.51623854818246], [6023.227256213971, 374.52781806215023], [6023.238192421607, 369.86912938313804], [6027.908460614586, 364.9473364012316], [6032.589021708872, 355.64089525084336], [6032.611537430476, 346.04947738228856], [6037.544266620019, 346.0610568962564], [6037.566782341623, 336.4696390277016], [6042.247986742241, 326.88915736678297], [6042.415246388443, 255.63862462894554], [6047.382070813557, 241.12605708481595], [6052.074211421811, 226.88688674488512], [6052.1185995586875, 207.9780915183051], [6056.777288237701, 207.98902772594207], [6056.866707817786, 169.89739676225167], [6052.219598652742, 164.9537313650729], [6052.29743871886, 131.79482959092587], [6047.66126576145, 122.19247551473491], [6042.751052293513, 112.58947813221153], [6038.103299822137, 107.91985324556312], [6038.114879336104, 102.98712405602055], [6033.193086354199, 98.31685586303975], [6033.204022561835, 93.65816718402752], [6028.55691339679, 88.71450178684877], [6023.920097133051, 79.38618822118737], [6014.340258778464, 74.4309433100408], [6004.771356631512, 64.81700971988126], [5995.20181117823, 55.47711664025205], [5985.896013334174, 50.52251503543712], [5980.974220352268, 45.85224684245632], [5971.405318205317, 36.23831325229753], [5962.1104565688975, 26.6250229684696], [5952.529974907978, 21.94381856785262], [5942.972008968663, 7.671196298681616], [5928.7444181427, -1.9536734991141202], [5924.096665671325, -6.623298385763292], [5914.516827316737, -11.578543296909857], [5904.936345655819, -16.259747697526837], [5895.3558639949, -20.940952098143043], [5881.128273168938, -30.56582189593878], [5871.54843481435, -35.521066807086115], [5862.241993663963, -40.20162790137069], [5857.320200682056, -44.87189609435149], [5848.00282332403, -44.89376850962385], [5843.070094134488, -44.90534802359166], [5838.411405455475, -44.91628423122861], [5833.478676265933, -44.92786374519642], [5828.831567100888, -49.871529142375174], [5824.172878421877, -49.88246535001135], [5809.922771874309, -49.91591727925229], [5800.331354005754, -49.93843300085627], [5786.081247458186, -49.97188493009721], [5776.489829589631, -49.9944006517012], [5771.831140910618, -50.00533685933815], [5766.898411721077, -50.01691637330595], [5762.239723042064, -50.02785258094213], [5762.228143528096, -45.095123391399554], [5757.295414338554, -45.106702905367364], [5752.636725659541, -45.11763911300354], [5747.967100772893, -40.4698866416275], [5743.034371583351, -40.48146615559531], [5738.3647466967, -35.83371368421926], [5733.432017507159, -35.845293198187846], [5728.761749314178, -30.923500216281443], [5724.103060635167, -30.93443642391762], [5724.09212442753, -26.275747744905402], [5733.364470342346, -7.071039592522674], [5747.8442292635655, 11.871850869629133], [5757.139090899987, 21.48514115345706], [5766.719572560906, 26.16634555407404], [5771.629786028843, 35.76934293659665], [5780.935583872902, 40.72394454141158], [5790.5160655338195, 45.40514894202856], [5800.107483402374, 45.42766466363255], [5804.75523587375, 50.09728955028172], [5809.687965063294, 50.108869064249525], [5814.346653742306, 50.1198052718857], [5818.993762907348, 55.06347066906523], [5823.915555889257, 59.733738862045264], [5823.859588238412, 83.57526327816785], [5818.915922841232, 88.22237244321227], [5814.234718440617, 97.80285410413089], [5799.9620961714445, 107.36082004344475], [5785.689473902272, 116.91878598275939], [5776.076183618445, 126.21364761917984], [5771.394979217826, 135.79412928009847], [5766.462250028285, 135.78254976613064], [5761.803561349272, 135.77161355849447], [5756.8708321597305, 135.7600340445259], [5752.201207273082, 140.40778651590193], [5742.609789404527, 140.38527079429795], [5733.018371535973, 140.36275507269397], [5728.359682856959, 140.35181886505703], [5718.768264988405, 140.32930314345302], [5709.45088763038, 140.3074307281799], [5699.870405969461, 135.6262263275637], [5694.937676779918, 135.6146468135959], [5685.631235629529, 130.93408571931053], [5676.051397274943, 125.97884080816398], [5661.812226935011, 121.28670019991081], [5652.220809066455, 121.26418447830606], [5647.57305659508, 116.59455959165766], [5642.640327405537, 116.58298007768985], [5628.4018003719375, 111.61679895890633], [5623.754047900563, 106.94717407225794], [5618.82131871102, 106.93559455828935], [5614.174209545976, 101.9919291611106], [5609.515520866963, 101.98099295347443], [5599.935039206045, 97.29978855285744], [5595.013246224137, 92.62952035987742], [5585.695868866113, 92.60764794460428], [5580.774719190539, 87.6633392410939], [5576.116030511526, 87.65240303345772], [5571.457341832513, 87.64146682582154], [5566.535548850608, 82.97119863284074], [5556.944130982053, 82.94868291123676], [5552.28544230304, 82.93774670360058], [5542.694024434486, 82.91523098199582], [5538.035335755472, 82.90429477435964], [5533.376647076461, 82.89335856672346], [5528.443917886918, 82.88177905275565], [5523.785229207906, 82.87084284511947], [5514.193811339352, 82.84832712351472], [5509.535122660339, 82.83739091587854], [5499.932768584147, 87.47356387328678], [5495.2740799051335, 87.4626276656506], [5485.671082522611, 92.37284113358841], [5476.068728446421, 97.00901409099664], [5456.863376987707, 106.5554005163427], [5442.590754718534, 116.11336645565734], [5428.307196241726, 130.3300210739842], [5418.7048421655345, 134.96619403139243], [5414.035217278887, 139.61394650276847], [5409.364949085905, 144.5357394846741], [5404.432219896362, 144.52415997070628], [5356.9447282022, 177.84581026002547], [5356.799984277602, 239.5049251293073], [5370.971607452718, 272.9713193432256], [5380.255532881503, 287.2432983060658], [5394.74622801036, 301.5275000892054], [5399.382400967768, 311.12985416539635], [5408.962239322355, 316.0850990765429], [5418.268680472743, 320.76566017082826], [5423.190473454651, 325.4359283638083], [5432.781891323206, 325.4584440854131], [5437.429000488248, 330.4021094825918], [5447.020418356804, 330.4246252041958], [5475.498759036665, 339.8089064207021], [5499.328703938821, 344.7976032610896], [5508.920121807375, 344.8201189826944], [5518.2374991654, 344.84199139796675], [5527.828917033955, 344.8645071195715], [5551.670441450077, 344.92047477041643], [5565.909611790008, 349.6126153786688], [5575.501029658562, 349.63513110027355], [5589.7511362061305, 349.66858302951374], [5599.342554074686, 349.6910987511185], [5604.001242753697, 349.70203495875467], [5613.592660622253, 349.7245506803594], [5618.251349301265, 349.7354868879956], [5627.831187655852, 354.69073179914216], [5642.081294203419, 354.7241837283831], [5656.320464543352, 359.41632433663625], [5675.492364072825, 364.1200444588572], [5718.197652272318, 383.40323598368883], [5737.369551801791, 388.10695610590983], [5751.608078835391, 393.0731372246933], [5770.769042157228, 402.4355460259265], [5789.6662578698415, 407.4126633523462], [5813.496846078327, 412.12731968220334], [5827.736016418257, 416.8194602904565], [5837.327434286813, 416.8419760120605], [5851.57754083438, 416.87542794130144], [5856.2362295133935, 416.8863641489376], [5865.827647381948, 416.90887987054236], [5870.47475654699, 421.85254526772115]]]}, "properties": {"objectType": "annotation", "name": "Necrosis", "classification": {"name": "Necrosis", "color": [50, 50, 50]}}}, {"type": "Feature", "id": "20827442-18c5-446f-9b34-d864b74844c1", "geometry": {"type": "Polygon", "coordinates": [[[279.10137883863234, 1045.6005291887911], [294.99572844938035, 1045.6378409560211], [302.9429032547545, 1045.656496839636], [310.8900780601287, 1045.675152723251], [318.83725286550293, 1045.693808606866], [326.7844276708771, 1045.712464490481], [342.6787772816251, 1045.749776257711], [358.5731268923735, 1045.7870880249409], [366.5203016977477, 1045.8057439085558], [374.46747650312153, 1045.8243997921709], [382.4146513084957, 1045.8430556757858], [398.3283001091907, 1037.6591521271118], [406.5495154250949, 1037.6784513170585], [422.4438650358433, 1037.7157630842885], [438.3382146465913, 1037.7530748515185], [454.2325642573397, 1037.7903866187485], [462.1983949463285, 1029.861867696989], [478.09274455707686, 1029.899179464219], [493.98709416782526, 1029.936491231449], [509.88144377857327, 1029.973802998679], [525.7757933893216, 1030.011114765909], [533.9970087052259, 1030.0304139558555], [541.9441835106, 1030.0490698394706], [557.8385331213481, 1030.0863816067006], [573.7328827320964, 1030.1236933739303], [597.5930630318336, 1022.2324862194012], [621.4345874479562, 1022.2884538702461], [629.3817622533301, 1022.307109753861], [637.3289370587042, 1022.325765637476], [653.2232866694526, 1022.363077404706], [661.1704614748268, 1022.381733288321], [685.3046822850939, 1014.4911694401234], [693.2518570904682, 1014.5098253237383], [701.1990318958424, 1014.5284812073533], [709.1462067012166, 1014.5471370909682], [717.0933815065907, 1014.5657929745832], [733.0063870009537, 1006.655929936439], [740.9535618063279, 1006.674585820054], [756.8479114170759, 1006.7118975872839], [764.7950862224501, 1006.7305534708988], [780.6894358331986, 1006.7678652381288], [796.8578259544769, 1006.8058203116904], [812.7521755652249, 1006.8431320789203], [828.6651810595882, 998.933269040776], [844.5595306703367, 998.970580808006], [860.4538802810847, 999.007892575236], [876.3482298918331, 999.0452043424659], [900.1897543079552, 999.1011719933109], [908.1369291133295, 999.1198278769258], [924.0312787240775, 999.1571396441558], [932.252494039982, 999.1764388341024], [956.0940184561042, 999.2324064849473], [979.935542872226, 999.2883741357922], [1003.7770672883487, 999.3443417866372], [1027.6185917044713, 999.4003094374821], [1035.5657665098447, 999.4189653210971], [1051.460116120593, 999.4562770883277], [1059.6813314364977, 999.4755762782736], [1067.6285062418717, 999.4942321618886], [1075.575681047246, 999.5128880455036], [1083.5228558526203, 999.5315439291186], [1091.4700306579937, 999.5501998127335], [1107.364380268742, 999.5875115799635], [1123.2587298794904, 999.6248233471941], [1139.1530794902387, 999.6621351144241], [1155.0474291009873, 999.6994468816541], [1170.9417787117347, 999.736758648884], [1186.8361283224833, 999.774070416114], [1210.9516932491363, 999.8306813732905], [1234.8118735488729, 991.9394742187612], [1250.7062231596215, 991.9767859859912], [1266.6192286539847, 984.0669229478469], [1282.513578264733, 984.1042347150769], [1298.4265837590958, 976.1943716769326], [1314.339589253459, 968.2845086387885], [1330.507979374738, 968.32246371235], [1346.4023289854854, 968.35977547958], [1354.3681596744746, 960.4312565578207], [1370.2625092852231, 960.4685683250507], [1378.2283399742123, 952.5400494032914], [1386.1755147795864, 952.5587052869064], [1394.1413454685755, 944.6301863651472], [1402.0885202739498, 944.6488422487622], [1418.0201816519282, 928.7918044052445], [1433.9518430299065, 912.9347665617261], [1458.1240189137352, 888.8758125922496], [1466.1085054863393, 873.000118865117], [1482.021510980702, 865.0902558269728], [1482.0401668643176, 857.1430810215985], [1490.0059975533068, 849.2145620998393], [1505.9376589312851, 833.3575242563209], [1513.9034896202743, 825.4290053345617], [1529.8351509982526, 809.571967491044], [1537.8009816872418, 801.6434485692847], [1545.7668123762303, 793.7149296475255], [1561.6991170605402, 777.5838512934768], [1577.6121225549036, 769.6739882553325], [1585.5779532438928, 761.7454693335741], [1601.7836551324008, 745.8890747963873], [1609.7308299377748, 745.9077306800021], [1617.696660626764, 737.979211758243], [1633.6283220047424, 722.1221739147245], [1641.5941526937315, 714.1936549929653], [1657.507158188095, 706.283791954821], [1665.4729888770842, 698.3552730330618], [1681.3673384878318, 698.3925848002917], [1697.280343982195, 690.4827217621483], [1713.1933494765585, 682.572858724004], [1721.433220676078, 674.6449831085764], [1737.3462261704406, 666.7351200704322], [1745.3120568594297, 658.8066011486729], [1761.2250623537932, 650.8967381105288], [1801.0362032214557, 618.9272777965772], [1832.8995259774117, 587.2132021095404], [1865.0368892438978, 555.4997697288359], [1880.9872065054913, 531.6955570799432], [1888.9343813108653, 531.7142129635582], [1888.9530371944804, 523.7670381581839], [1896.9002119998545, 523.7856940417989], [1904.8666859951754, 515.5831346095101], [1912.8138608005495, 515.6017904931251], [1920.7610356059238, 515.6204463767401], [1928.708210411298, 515.6391022603551], [1944.6212159056606, 507.7292392222108], [1960.5342214000239, 499.8193761840666], [1984.668442210291, 491.92881233586894], [2008.5286225100288, 484.03760518133964], [2032.4074586933812, 468.19922322143617], [2072.1993003710963, 444.45097822338926], [2128.15953217009, 420.7406882989031], [2167.9513738478063, 396.99244330085537], [2199.758728952917, 389.11989202994107], [2223.6195525589865, 380.9546443648822], [2255.7009481746277, 373.08273640029955], [2271.5952977853763, 373.1200481675295], [2287.5083032797393, 365.21018512938525], [2303.4213087741027, 357.300322091241], [2311.368483579477, 357.31897797485595], [2327.2814890738396, 349.4091149367117], [2343.194494568203, 341.4992518985675], [2351.1416693735773, 341.5179077821825], [2359.1075000625665, 333.589388860424], [2367.0546748679403, 333.608044744039], [2383.2417208728334, 325.69882501222634], [2391.1888956782077, 325.71748089584133], [2399.154726367197, 317.7889619740821], [2415.0490759779454, 317.82627374131204], [2422.9962507833193, 317.84492962492703], [2438.9092562776827, 309.9350665867828], [2446.856431083056, 309.95372247039774], [2462.7694365774196, 302.0438594322535], [2470.716611382794, 302.0625153158685], [2502.5239664879055, 294.1899640449542], [2526.639531414558, 294.2465750021307], [2550.4997117142952, 286.3553678476015], [2558.4655424032844, 278.42684892584225], [2566.4127172086587, 278.4455048094572], [2574.359892014032, 278.4641606930722], [2582.3257227030213, 270.53564177131295], [2590.2728975083955, 270.55429765492795], [2590.2915533920104, 262.6071228495545], [2598.2573840809996, 254.6786039277953], [2598.388618572636, 198.77433977964634], [2590.460099650877, 190.80850909065717], [2582.5315807291176, 182.842678401668], [2582.5688924963474, 166.9483287909196], [2574.6403735745885, 158.98249810193042], [2566.71185465283, 151.01666741294125], [2558.8019916146854, 135.10366191857864], [2534.9984222721246, 118.87930414645497], [2519.160040312221, 95.00046796310244], [2495.081787152799, 79.04950739517825], [2479.2060934256656, 71.06502082257411], [2471.277574503906, 63.09919013358494], [2463.3490555821472, 55.13335944459577], [2455.420536660388, 47.1675287556066], [2431.597668127881, 39.16438629938748], [2407.7934554789886, 23.21406903779416], [2375.768027514192, 7.244452586254238], [2351.9638148652994, -8.705864675338306], [2336.0887644444974, -16.96439175847281], [2328.1602455227385, -24.930222447461983], [2320.213070717364, -24.94887833107696], [2320.231726600979, -32.89605313645115], [2312.2845517956057, -32.91470902006613], [2304.3373769902314, -32.9333649036811], [2296.408858068472, -40.899195592670274], [2288.480339146713, -48.865026281659446], [2264.6574706142055, -56.86816873787857], [2248.781776887072, -64.85265531048194], [2208.8091741169014, -80.84092764563684], [2192.914824506153, -80.87823941286679], [2177.03913077902, -88.86272598547093], [2161.144781168272, -88.90003775270088], [2145.2504315575234, -88.93734951993083], [2113.206347709112, -96.95979116609655], [2089.3648232929895, -97.01575881694147], [2065.541954760482, -105.0189012731606], [2049.6476051497343, -105.05621304039055], [2025.8060807336117, -105.11218069123547], [2001.964556317489, -105.16814834208039], [1969.9018165854627, -105.24341518287191], [1946.06029216934, -105.29938283371685], [1922.2187677532183, -105.35535048456177], [1898.3772433370957, -105.41131813540669], [1850.420153994321, -105.52389674342817], [1826.5786295781984, -105.57986439427309], [1802.7371051620764, -105.63583204511801], [1794.7899303567024, -105.65448792873299], [1778.895580745954, -105.69179969596293], [1747.106881524457, -105.76642323042283], [1723.2653571083354, -105.82239088126775], [1699.1497921816824, -105.87900183844431], [1691.2026173763081, -105.89765772205928], [1683.255442570934, -105.91631360567426], [1675.3082677655598, -105.93496948928923], [1659.413918154812, -105.97228125651918], [1643.5195685440638, -106.00959302374913], [1635.5723937386895, -106.0282489073641], [1619.6780441279411, -106.06556067459405], [1611.712213438952, -98.13704175283483], [1595.8178638282043, -98.17435352006477], [1579.6494737069256, -98.21230859362636], [1555.807949290803, -98.26827624447128], [1539.9135996800553, -98.30558801170123], [1531.9664248746813, -98.3242438953162], [1516.0534193803178, -90.41438085717195], [1500.1590697695694, -90.4516926244019], [1476.298889469832, -82.5604854698734], [1452.1646686595648, -74.66992162167575], [1428.3044883598272, -66.77871446714649], [1404.4443080600904, -58.88750731261721], [1380.6027836439678, -58.94347496346213], [1300.8010274288513, -35.28915268982091], [1253.080666829377, -19.506738380763135], [1221.2726684179336, -11.360146599318478], [1181.244097996918, -3.5068945183507823], [1149.418087008192, 12.312831557937715], [1117.5920760194654, 28.13255763422544], [1085.7847209143542, 36.00510890513974], [1061.9245406146167, 43.89631605966901], [1029.8431449989753, 51.76822402425169], [1005.9829646992379, 59.659431178780956], [958.2626040997627, 75.4418454878395], [950.3154292943889, 75.42318960422453], [934.4024238000259, 83.33305264236878], [910.2868588733734, 83.27644168519222], [894.3738533790099, 91.18630472333648], [870.5136730792727, 99.07751187786498], [862.5478423902836, 107.0060307996242], [846.6534927795356, 106.96871903239425], [830.7591431687872, 106.93140726516431], [822.793312479798, 114.85992618692353], [806.89896286905, 114.82261441969358], [790.711273557825, 123.00587466203656], [782.7454428688359, 130.93439358379578], [774.7982680634617, 130.9157377001808], [766.8510932580875, 130.89708181656582], [750.9380877637245, 138.80694485471008], [735.0250822693612, 146.71680789285355], [711.146246086009, 162.55518985275702], [679.3202350972826, 178.37491592904553], [663.1331890923893, 186.28413566085814], [655.186014287015, 186.26547977724317], [655.1673584034002, 194.21265458261738], [647.2201835980259, 194.19399869900238], [631.3071781036625, 202.10386173714664], [615.3755167256846, 217.96089958066432], [591.496680542332, 233.7992815405678], [583.5308498533433, 241.727800462327], [567.6365002425948, 241.69048869509706], [559.6700262472741, 249.89304812738663], [551.7041955582853, 257.8215670491451], [543.7383648692961, 265.7500859709043], [535.7911900639219, 265.7314300872893], [527.5699747480178, 265.7121308973427], [527.5513188644028, 273.65930570271695], [519.6041440590286, 273.64064981910195], [511.6383133700394, 281.5691687408612], [503.6724826810502, 289.4976876626204], [503.6538267974353, 297.4448624679946], [495.70665199206144, 297.4262065843796], [495.6879961084465, 305.37338138975383], [487.74082130307227, 305.35472550613883], [-166.77474662749748, 933.0187386952584], [-166.79340251111245, 940.9659135006326], [-158.8835394729682, 956.8789189949953], [-158.90219535658318, 964.8260938003694], [-150.99233231843894, 980.7390992947328], [-135.1166385913059, 988.723585867337], [-118.9669043536425, 996.7087157462728], [-103.09121062650908, 1004.6932023188768], [-95.16269170474986, 1012.659033007866], [-79.28699797761682, 1020.6435195804702], [-71.33982317224263, 1020.6621754640852], [-47.516954639735395, 1028.6653179203036], [-23.675430223612807, 1028.721285571149], [0.16609419250939936, 1028.7772532219942], [8.387309508413567, 1028.79655241194], [16.334484313787765, 1028.8152082955548], [40.176008729909974, 1028.8711759464006], [64.01753314603256, 1028.9271435972455], [95.80623236752896, 1029.0017671317055], [111.70058197827736, 1029.0390788989355], [119.64775678365118, 1029.0577347825504], [127.59493158902536, 1029.0763906661653], [135.54210639439955, 1029.0950465497804], [159.65767132105213, 1029.1516575069568], [167.60484612642594, 1029.170313390572], [183.49919573717435, 1029.2076251578019], [191.44637054254852, 1029.2262810414168], [199.39354534792272, 1029.2449369250317], [207.34072015329653, 1029.2635928086468], [215.28789495867073, 1029.2822486922616], [231.16358868580417, 1037.266735264866], [239.11076349117835, 1037.2853911484808], [255.00511310192636, 1037.3227029157108], [262.95228790730056, 1037.3413587993257], [271.1735032232047, 1037.3606579892717], [279.10137883863234, 1045.6005291887911]]]}, "properties": {"objectType": "annotation", "name": "Immune infiltration", "color": [0, 0, 255]}}, {"type": "Feature", "id": "bc59240e-2f96-4ca6-b609-5dba36e38b76", "geometry": {"type": "Polygon", "coordinates": [[[10987.202074633531, 2368.60065833455], [11011.043599049653, 2368.6566259853953], [11042.83229827115, 2368.731249519855], [11058.726647881898, 2368.768561287085], [11090.789387613926, 2368.8438281278763], [11098.7365624193, 2368.8624840114917], [11114.630912030047, 2368.8997957787215], [11130.525261640796, 2368.937107545951], [11154.366786056918, 2368.9930751967963], [11186.155485278416, 2369.0676987312563], [11210.271050205069, 2369.1243096884327], [11226.165399815816, 2369.1616214556625], [11242.059749426562, 2369.1989332228927], [11289.742798258809, 2369.3108685245825], [11313.584322674931, 2369.3668361754276], [11329.771368679825, 2361.457616443615], [11337.718543485198, 2361.4762723272297], [11353.612893095948, 2361.51358409446], [11361.56006790132, 2361.532239978075], [11377.454417512068, 2361.5695517453046], [11393.367423006432, 2353.6596887071605], [11409.280428500797, 2345.749825669016], [11417.246259189784, 2337.821306747257], [11433.15926468415, 2329.9114437091125], [11449.07227017851, 2322.0015806709694], [11465.259316183407, 2314.0923609391566], [11489.119496483143, 2306.2011537846274], [11497.085327172133, 2298.272634862868], [11505.032501977506, 2298.291290746483], [11512.998332666495, 2290.362771824724], [11520.9828192391, 2274.4870780975903], [11528.929994044473, 2274.5057339812056], [11528.94864992809, 2266.5585591758313], [11536.914480617077, 2258.630040254072], [11536.933136500693, 2250.6828654486985], [11544.936922263241, 2226.5859564056605], [11552.902752952234, 2218.6574374839015], [11552.996032370305, 2178.921563457031], [11545.104825215778, 2155.0613831572937], [11545.254715591029, 2091.20994420377], [11537.344852552886, 2075.296938709407], [11513.652575205682, 2011.6635726155694], [11489.923629397581, 1963.6505156219496], [11466.231352050381, 1900.017149528112], [11442.190410658188, 1868.1718393494393], [11434.299846809987, 1844.0376185391715], [11426.389983771844, 1828.124613044808], [11410.570257695555, 1796.298602056082], [11386.803356813893, 1764.4539351837404], [11339.2701983569, 1700.4905609285274], [11315.266568731937, 1652.7509011391064], [11275.642630006756, 1604.9745728887863], [11243.947853509666, 1564.890034816926], [11204.342570668103, 1509.1665317612324], [11180.320285159523, 1469.3740467771856], [11148.644164546047, 1421.34233389995], [11124.877263664384, 1389.4976670276092], [11085.271980822821, 1333.7741639719156], [11045.411956660671, 1269.828802293986], [11013.75384862448, 1214.1239551219069], [10990.006246932762, 1174.0580729336614], [10966.239346051101, 1142.2134060613203], [10950.419619974813, 1110.3873950725936], [10926.397334466235, 1070.5949100885468], [10910.559595812663, 1046.442033394664], [10878.901487776471, 990.7371862225855], [10863.063105816569, 966.858350039233], [10839.296204934908, 935.013683166892], [10831.386985203093, 918.8266371619983], [10815.529947359575, 902.89497578402], [10799.436180772756, 871.0683214889623], [10775.65062400748, 847.1708294219948], [10743.955204204058, 807.3603318606647], [10728.117465550486, 783.2074551667818], [10704.33190878521, 759.3099630998142], [10672.636488981789, 719.4994655384842], [10640.629716900605, 695.58267428157], [10585.112071871008, 647.4949937534905], [10537.248261946308, 607.6465411185987], [10489.658492532137, 567.7987317900379], [10449.978586156112, 543.8639279558405], [10418.265153775408, 511.7265646893542], [10402.115419537744, 503.7414348104184], [10378.329862772467, 479.8439427434517], [10362.47282492895, 463.91228136547335], [10338.68726816367, 440.01478929850583], [10322.811574436539, 432.03030272590166], [10306.95453659302, 416.0986413479233], [10299.026017671262, 408.13281065893415], [10291.098142055833, 399.8929394594154], [10291.116797939449, 391.94576465404117], [10283.18827901769, 383.979933965052], [10275.259760095929, 376.0141032760628], [10275.278415979545, 368.06692847068865], [10267.075856547255, 360.1004544753678], [10267.09451243087, 352.15327966999445], [10259.184649392726, 336.24027417563104], [10251.274786354581, 320.3272686812677], [10235.417748511063, 304.39560730328935], [10227.526541356534, 280.5354270035518], [10211.688802702964, 256.3825503096696], [10195.850420743061, 232.5037141263171], [10187.940557704917, 216.59070863195453], [10180.030694666772, 200.67770313759115], [10172.139487512242, 176.81752283785357], [10164.210968590483, 168.8516921488644], [10148.37258663058, 144.97285596551185], [10132.260807466477, 120.81933596529811], [10116.422425506575, 96.94049978194558], [10092.655524624912, 65.09583290960462], [10076.81714266501, 41.21699672625209], [10045.103066977974, 9.353673970296176], [10013.370978713652, -14.83651449081667], [9965.469857021722, -38.790617514960736], [9933.737125451073, -62.70676546554245], [9877.926140720998, -102.5738739840499], [9830.318358729543, -134.74854901776612], [9790.63845235352, -158.68335285196358], [9758.868409015638, -166.70515119179768], [9718.914462129082, -190.640598332326], [9687.144418791202, -198.6623966721601], [9655.374375453319, -206.68419501199418], [9623.585676231822, -206.75881854645408], [9591.522936499796, -206.8340853872456], [9559.7342372783, -206.9087089217055], [9504.122669524295, -214.98647491238452], [9464.112754986894, -215.08039763679102], [9424.376880960024, -215.1736770548659], [9400.535356543902, -215.22964470571083], [9376.69383212778, -215.28561235655573], [9344.631092395754, -215.36087919734726], [9320.78956797963, -215.4168468481922], [9296.948043563509, -215.47281449903713], [9273.106519147386, -215.52878214988203], [9257.212169536639, -215.566093917112], [9249.264994731264, -215.58474980072697], [9233.370645120516, -215.6220615679569], [9225.423470315141, -215.64071745157187], [9209.255080193863, -215.67867252513346], [9201.307905388489, -215.69732840874843], [9185.413555777739, -215.7346401759784], [9161.553375478004, -207.8434330214491], [9137.711851061882, -207.89940067229404], [9113.870326645758, -207.95536832313974], [9081.807586913732, -208.0306351639305], [9057.96606249761, -208.0866028147754], [9026.177363276114, -208.16122634923607], [9010.283013665365, -208.19853811646604], [8978.49431444387, -208.2731616509259], [8954.378749517216, -208.32977260810247], [8922.590050295721, -208.40439614256238], [8906.695700684972, -208.4417079097923], [8882.85417626885, -208.49767556063725], [8859.012651852727, -208.55364321148218], [8843.11830224198, -208.59095497871212], [8819.002737315326, -208.64756593588868], [8787.21403809383, -208.72218947034858], [8763.372513677708, -208.7781571211935], [8739.530989261584, -208.83412477203842], [8707.742290040089, -208.90874830649832], [8683.626725113436, -208.96535926367486], [8651.819370008325, -201.09280799276056], [8596.189146370705, -201.2233991780654], [8556.179231833305, -201.3173219024719], [8500.549008195687, -201.4479130877767], [8452.865959363442, -201.55984838946657], [8412.85604482604, -201.65377111387306], [8373.101514915556, -193.79987572657373], [8333.365640888684, -193.8931551446486], [8293.355726351283, -193.9870778690551], [8261.567027129788, -194.061701403515], [8237.70684683005, -186.17049424898573], [8221.812497219302, -186.20780601621567], [8190.023797997806, -186.28242955067557], [8182.076623192431, -186.30108543429054], [8157.961058265778, -186.3576963914671], [8134.119533849657, -186.41366404231204], [8110.278009433534, -186.46963169315694], [8094.383659822786, -186.5069434603869], [8070.542135406663, -186.5629111112318], [8046.700610990541, -186.61887876207675], [8014.6192153749, -178.74697079749407], [7990.777690958777, -178.802938448339], [7951.041816931906, -178.89621786641464], [7911.305942905035, -178.98949728448952], [7879.24320317301, -179.06476412528104], [7855.401678756887, -179.12073177612595], [7823.612979535391, -179.19535531058585], [7799.752799235653, -171.30414815605658], [7759.742884698253, -171.39807088046308], [7727.954185476757, -171.47269441492298], [7672.323961839137, -171.6032856002278], [7640.261222107111, -171.67855244101932], [7592.5781732748665, -171.7904877427092], [7528.982118948258, -163.99256000625476], [7473.07785480011, -164.12379449789123], [7425.376150084249, -156.28855499420686], [7353.577536325352, -156.45710125307326], [7313.841662298481, -156.55038067114813], [7242.024392655969, -148.77175212464036], [7194.341343823724, -148.8836874263302], [7138.673808418875, -133.1199290008874], [7090.697419886154, -125.01129229300432], [7050.961545859283, -125.10457171107919], [7019.154190754171, -117.23202044016489], [6995.312666338049, -117.28798809100981], [6971.178445527783, -109.39742424281216], [6947.336921111661, -109.45339189365708], [6915.5295660065485, -101.58084062274278], [6891.688041590426, -101.6368082735877], [6867.846517174303, -101.69277592443264], [6843.712296364037, -93.802212076235], [6827.817946753288, -93.83952384346493], [6803.976422337166, -93.89549149431063], [6780.134897921043, -93.95145914515555], [6764.240548310295, -93.9887709123855], [6740.399023894172, -94.04473856323042], [6724.504674283424, -94.08205033046038], [6700.389109356773, -94.13866128763694], [6676.54758494065, -94.19462893848186], [6660.653235329902, -94.2319407057118], [6644.758885719153, -94.26925247294174], [6636.811710913779, -94.28790835655673], [6628.8645361084045, -94.3065642401717], [6612.970186497656, -94.34387600740165], [6605.023011692282, -94.36253189101662], [6588.854621571005, -94.4004869645782], [6580.907446765631, -94.41914284819318], [6565.013097154882, -94.45645461542313], [6549.118747544134, -94.49376638265308], [6541.17157273876, -94.51242226626805], [6525.277223128011, -94.549734033498], [6509.382873517263, -94.58704580072795], [6493.488523906514, -94.62435756795789], [6485.54134910114, -94.64301345157287], [6469.628343606777, -86.73315041342862], [6453.441297601885, -78.823930681616], [6445.494122796511, -78.84258656523097], [6437.528292107521, -70.91406764347175], [6429.5811173021475, -70.93272352708672], [6413.668111807784, -63.02286048894248], [6405.702281118794, -55.09434156718326], [6397.736450429806, -47.16582264542403], [6389.789275624431, -47.184478529039005], [6389.770619740816, -39.23730372366481], [6381.823444935442, -39.25595960728055], [6381.804789051827, -31.30878480190636], [6373.857614246453, -31.32744068552133], [6373.801646595608, -7.48591626939874], [7016.761734507133, 901.9246382214325], [7032.656084117881, 901.9619499886625], [7040.603258923255, 901.9806058722775], [7048.550433728629, 901.9992617558925], [7064.426127455763, 909.9837483284965], [7072.373302261137, 910.0024042121115], [7080.320477066512, 910.0210600957265], [7088.267651871885, 910.0397159793415], [7096.21482667726, 910.0583718629565], [7104.162001482634, 910.0770277465714], [7112.090520404393, 918.0428584355606], [7120.311735720296, 918.0621576255072], [7144.133960946473, 926.3393405922567], [7160.009654673607, 934.3238271648609], [7175.904004284354, 934.3611389320907], [7191.779698011488, 942.3456255046949], [7215.6212224276105, 942.4015931555399], [7239.444090960118, 950.404735611759], [7279.435349613903, 958.4458331415389], [7311.205392951785, 966.467631481373], [7335.046917367908, 966.5235991322179], [7350.941266978656, 966.5609108994479], [7358.88844178403, 966.5795667830629], [7374.7827913947785, 966.6168785502928], [7390.932525632441, 974.6020084292286], [7422.721224853937, 974.6766319636885], [7438.615574464686, 974.7139437309185], [7470.404273686183, 974.7885672653783], [7494.2271422186905, 982.7917097215974], [7510.395532339968, 982.829664795159], [7526.289881950716, 982.8669765623889], [7534.23705675609, 982.8856324460039], [7542.184231561464, 982.9042883296189], [7566.025755977587, 982.9602559804638], [7581.920105588335, 982.9975677476938], [7613.708804809832, 983.0721912821537], [7637.550329225955, 983.1281589329986], [7661.665894152607, 983.1847698901752], [7685.507418568729, 983.24073754102], [7701.401768179478, 983.27804930825], [7733.190467400974, 983.3526728427099], [7764.979166622471, 983.4272963771698], [7789.094731549122, 983.4839073343463], [7812.9362559652445, 983.5398749851913], [7828.830605575993, 983.5771867524212], [7836.777780381367, 983.5958426360362], [7844.724955186742, 983.6144985196512], [7852.6721299921155, 983.6331544032662], [7860.61930479749, 983.6518102868812], [7868.547823719249, 991.6176409758704], [7876.494998524623, 991.6362968594852], [7884.442173329998, 991.6549527431002], [7892.389348135372, 991.6736086267152], [7900.3365229407445, 991.6922645103302], [7908.539082373034, 999.6587385056511], [7916.486257178408, 999.6773943892659], [7932.361950905542, 1007.6618809618701], [7940.309125710915, 1007.6805368454851], [7956.203475321664, 1007.7178486127151], [7964.150650127039, 1007.73650449633], [7980.044999737786, 1007.77381626356], [7995.92069346492, 1015.7583028361641], [8003.867868270295, 1015.7769587197791], [8019.7622178810425, 1015.814270487009], [8027.709392686415, 1015.832926370624], [8043.8777828076945, 1015.8708814441856], [8051.824957613068, 1015.8895373278006], [8059.772132418442, 1015.9081932114156], [8075.666482029191, 1015.9455049786455], [8083.6136568345655, 1015.9641608622604], [8099.508006445313, 1016.0014726294904], [8115.402356056062, 1016.0387843967204], [8131.29670566681, 1016.0760961639503], [8147.191055277559, 1016.1134079311803], [8171.30662020421, 1016.1700188883568], [8187.200969814959, 1016.2073306555868], [8203.113975309321, 1008.2974676174425], [8211.061150114696, 1008.3161235010575], [8219.00832492007, 1008.3347793846725], [8226.955499725445, 1008.3534352682874], [8234.902674530818, 1008.3720911519024], [8242.849849336193, 1008.3907470355174], [8242.812537568963, 1024.2850966462659], [8250.722400607106, 1040.198102140629], [8250.703744723492, 1048.1452769460034], [8258.650919528867, 1048.1639328296183], [8258.575652688074, 1080.2266725616446], [8266.504171609833, 1088.1925032506338], [8266.466859842603, 1104.0868528613823], [8274.395378764362, 1112.0526835503715], [8274.376722880748, 1119.9998583557456], [8282.305241802505, 1127.965689044734], [8290.21510484065, 1143.8786945390973], [8298.124967878794, 1159.7917000334608], [8306.327527311083, 1167.7581740287815], [8314.256046232842, 1175.7240047177706], [8314.237390349228, 1183.671179523145], [8322.165265964655, 1191.9110507226637], [8330.11244077003, 1191.9297066062786], [8338.040959691789, 1199.8955372952678], [8338.022303808175, 1207.842712100642], [8345.969478613548, 1207.861367984257], [8353.897997535309, 1215.8271986732461], [8361.826516457068, 1223.7930293622353], [8369.755035378827, 1231.7588600512245], [8385.612073222344, 1247.6905214292028], [8409.397629987621, 1271.5880134961697], [8425.273323714755, 1279.5725000687737], [8449.370232757792, 1287.5762858313244], [8465.22727060131, 1303.5079472093028], [8489.031483250203, 1319.4582644708962], [8512.835052592764, 1335.682622243019], [8536.65792112527, 1343.6857646992382], [8552.514958968788, 1359.6174260772166], [8576.611868011827, 1367.6212118397673], [8584.540386933586, 1375.5870425287565], [8600.41608066072, 1383.5715291013605], [8616.291774387852, 1391.5560156739639], [8632.167468114985, 1399.5405022465682], [8655.990336647494, 1407.5436447027873], [8671.866030374626, 1415.5281312753914], [8687.760379985373, 1415.5654430426214], [8703.910114223037, 1423.5505729215572], [8711.857289028412, 1423.569228805172], [8719.785807950171, 1431.5350594941613], [8735.680157560919, 1431.5723712613913], [8743.627332366294, 1431.5910271450061], [8759.503026093427, 1439.5755137176104], [8775.397375704175, 1439.6128254848402], [8791.291725314924, 1439.6501372520702], [8807.167419042056, 1447.6346238246745], [8831.28298396871, 1447.6912347818509], [8855.105209194886, 1455.9684177485997], [8910.71677694889, 1464.0461837392786], [8974.568215902413, 1464.1960741145301], [9038.126958461791, 1472.2924959888242], [9061.968482877912, 1472.348463639669], [9085.810007294034, 1472.404431290514], [9094.03122260994, 1472.4237304804606], [9109.906916337071, 1480.4082170530646], [9125.80126594782, 1480.4455288202946], [9141.676959674955, 1488.4300153928987], [9157.571309285702, 1488.4673271601287], [9173.46565889645, 1488.5046389273587], [9181.412833701823, 1488.5232948109735], [9197.288527428957, 1496.5077813835778], [9213.182877039706, 1496.5450931508078], [9221.385436471995, 1504.5115671461285], [9237.279786082743, 1504.5488789133585], [9245.226960888118, 1504.5675347969734], [9253.155479809877, 1512.5333654859626], [9261.102654615252, 1512.5520213695777], [9269.049829420625, 1512.5706772531926], [9276.997004226, 1512.5893331368075], [9308.748391680265, 1528.5583062820158], [9324.642741291012, 1528.5956180492458], [9332.571260212771, 1536.561448738235], [9348.446953939905, 1544.545935310839], [9364.59668817757, 1552.5310651897742], [9388.419556710078, 1560.5342076459933], [9420.15228828073, 1584.4503555965757], [9436.027338701528, 1592.7088826797103], [9451.903032428661, 1600.6933692523144], [9459.850207234036, 1600.7120251359293], [9459.83155135042, 1608.6591999413029], [9467.778726155795, 1608.6778558249177], [9475.68858919394, 1624.5908613192812], [9483.853836859, 1648.4516849253503], [9499.692218818902, 1672.330521108703], [9515.530600778806, 1696.2093572920546], [9539.315514237753, 1720.3808898695524], [9555.17255208127, 1736.3125512475308], [9571.029589924789, 1752.2442126255085], [9586.886627768306, 1768.1758740034868], [9602.76232149544, 1776.1603605760909], [9618.912055733104, 1784.1454904550267], [9634.787749460238, 1792.1299770276307], [9650.682099070986, 1792.1672887948607], [9658.610617992745, 1800.13311948385], [9674.486311719878, 1808.1176060564542], [9690.380661330626, 1808.154917823684], [9714.203529863133, 1816.158060279903], [9738.026398395641, 1824.1612027361216], [9762.123307438676, 1832.1649884986723], [9777.99900116581, 1840.1494750712764], [9801.821869698319, 1848.1526175274955], [9817.69692011912, 1856.4111446106301], [9841.538444535241, 1856.467112261475], [9865.379968951363, 1856.5230799123199], [9873.327143756738, 1856.5417357959348], [9881.529703189028, 1864.5082097912557], [9889.476877994402, 1864.5268656748706], [9897.424052799775, 1864.5455215584857], [9905.37122760515, 1864.5641774421006], [9913.318402410525, 1864.5828333257155], [9921.2655772159, 1864.6014892093306], [9929.212752021273, 1864.6201450929454], [9937.159926826647, 1864.6388009765606], [9953.054276437393, 1864.6761127437903], [9960.982795359154, 1872.6419434327795], [9984.80566389166, 1880.6450858889987], [10000.681357618794, 1888.629572461602], [10032.725441467206, 1896.6520141077679], [10048.60113519434, 1904.636500680372], [10072.424003726848, 1912.639643136591], [10088.29969745398, 1920.6241297091951], [10112.103910102873, 1936.5744469707886], [10120.032429024632, 1944.5402776597778], [10135.88946686815, 1960.471939037756], [10152.039201105814, 1968.457068916691], [10175.824114564759, 1992.6286014941888], [10199.646983097266, 2000.631743950408], [10215.504020940783, 2016.5634053283864], [10223.432539862542, 2024.5292360173748], [10231.361058784301, 2032.495066706364], [10239.28957770606, 2040.4608973953532], [10247.236752511435, 2040.479553278968], [10255.165271433194, 2048.4453839679572], [10263.093790354953, 2056.4112146569464], [10271.296349787242, 2064.3776886522674], [10279.224868709003, 2072.3435193412565], [10287.153387630762, 2080.3093500302457], [10303.029081357896, 2088.2938366028498], [10310.957600279655, 2096.259667291839], [10326.833294006788, 2104.244153864442], [10342.689688543973, 2120.449855752951], [10358.565382271107, 2128.434342325555], [10374.44107599824, 2136.418828898159], [10398.245288647133, 2152.3691461597527], [10406.447848079422, 2160.335620155073], [10422.323541806556, 2168.320106727677], [10438.19923553369, 2176.304593300281], [10446.146410339064, 2176.3232491838958], [10446.127754455449, 2184.27042398927], [10461.984792298965, 2200.2020853672484], [10485.789004947857, 2216.1524026288416], [10509.59321759675, 2232.102719890435], [10525.449612133936, 2248.308421778943], [10541.580690487986, 2264.240726463253], [10549.509209409745, 2272.206557152242], [10557.456384215118, 2272.225213035857], [10573.332077942252, 2280.209699608461], [10589.18911578577, 2296.141360986439], [10597.136290591143, 2296.160016870054], [10605.083465396518, 2296.1786727536687], [10605.064809512904, 2304.125847559043], [10620.959159123651, 2304.1631593262728], [10636.834852850785, 2312.1476458988773], [10652.710546577919, 2320.1321324714813], [10660.657721383292, 2320.150788355096], [10676.826111504572, 2320.1887434286577], [10684.773286309945, 2320.2073993122726], [10700.648980037078, 2328.1918858848767], [10724.4905044532, 2328.247853535722], [10740.366198180333, 2336.232340108326], [10764.207722596455, 2336.288307759171], [10772.15489740183, 2336.306963642786], [10780.102072207204, 2336.3256195264007], [10804.198981250242, 2344.3294052889514], [10828.02184978275, 2352.332547745171], [10851.86337419887, 2352.3885153960155], [10859.810549004245, 2352.407171279631], [10867.75772380962, 2352.4258271632457], [10883.633417536752, 2360.4103137358497], [10891.580592342127, 2360.4289696194646], [10899.527767147501, 2360.4476255030795], [10915.42211675825, 2360.4849372703097], [10923.369291563624, 2360.5035931539246], [10931.590506879527, 2360.5228923438713], [10947.484856490277, 2360.560204111101], [10963.379206101024, 2360.5975158783313], [10987.202074633531, 2368.60065833455]]]}, "properties": {"objectType": "annotation", "name": "Immune infiltration", "classification": {"name": "Immune cells", "color": [160, 90, 160]}}}, {"type": "Feature", "id": "16678a2b-c9bd-4f82-870c-1fbe31470894", "geometry": {"type": "Polygon", "coordinates": [[[13079.808181731052, 2943.2463834060973], [13100.63526053134, 2943.2952746872948], [13128.039311584356, 2943.35960532045], [13142.015377621394, 2943.3924139433593], [13162.568415911155, 2943.4406619182255], [13183.121454200915, 2943.4889098930917], [13203.948533001207, 2943.5378011742896], [13224.501571290968, 2943.586049149156], [13231.36866671251, 2936.7511190441915], [13238.219679475762, 2936.7672017024797], [13245.070692239018, 2936.783284360769], [13258.78880042381, 2929.964436914093], [13279.64804454068, 2916.3113026687834], [13307.100343568562, 2895.8225950121778], [13327.976313650048, 2875.044407493085], [13327.992396308337, 2868.1933947298317], [13334.89165704646, 2847.65643909836], [13334.923822363036, 2833.9544135718525], [13341.839809065777, 2806.292404666597], [13341.920222357221, 2772.037340850329], [13348.852291718249, 2737.52431918182], [13348.98159629089, 2682.442176565262], [13355.88085702901, 2661.90522093379], [13355.929748310207, 2641.078142133499], [13376.466060635348, 2648.251443382149], [13390.40996135581, 2661.9862775315655], [13417.749681775667, 2689.4546592177344], [13438.27055474885, 2703.204932719108], [13472.734685136162, 2730.964080880428], [13493.239475451055, 2751.565367145055], [13520.868675733404, 2772.4574198848322], [13541.389548706584, 2786.2076933862054], [13569.03547495355, 2799.9746928521995], [13596.40736068999, 2813.741049011862], [13630.903656393879, 2827.7981716466743], [13658.291624788602, 2834.713515043083], [13685.969716352147, 2834.77848898257], [13699.671741878656, 2834.8106542991472], [13720.224780168413, 2834.8589022740134], [13754.753884495214, 2834.939958871789], [13789.025030969771, 2828.1693593999794], [13816.719848497934, 2821.1092800656825], [13844.156064867528, 2807.47158517233], [13857.87417305232, 2800.6527377256543], [13871.86632174765, 2793.8345335853096], [13878.73341716919, 2786.999603480345], [13899.31862077553, 2773.3458259287045], [13927.045603620272, 2752.5837210679], [13954.49790264815, 2732.0950134112945], [13981.966927640653, 2704.4812524809054], [13995.991241652555, 2683.961022814054], [14009.74151515393, 2663.440149840871], [14023.492431961633, 2642.6452363571575], [14044.416006711655, 2601.588051058834], [14058.247336810804, 2546.538073758853], [14065.146597548926, 2526.0011181273812], [14065.195488830124, 2505.1740393270907], [14072.143640849441, 2463.810004895328], [14072.191888824309, 2443.256966605567], [14065.40520669421, 2415.8368328942643], [14058.587002553864, 2401.8446841989385], [14058.619167870442, 2388.1426586724315], [14051.800320423765, 2374.4245504876353], [14051.848568398633, 2353.8715121978744], [14045.046446916576, 2333.028350739295], [14038.017889592527, 2291.9055481951536], [14031.231850768756, 2264.21137397332], [14031.34507268311, 2215.980244120016], [14024.510142578149, 2209.113148698473], [14024.526225236435, 2202.2621359352192], [14010.888530343087, 2174.825919565628], [14004.086408861029, 2153.982758107048], [13997.267561414354, 2140.264649922253], [13990.432631309386, 2133.3975545007097], [13990.448713967677, 2126.546541737456], [13983.355826010471, 2112.827790246329], [13969.669883142253, 2105.944612166498], [13949.149653475402, 2091.9202981545945], [13935.49587592376, 2071.335094548256], [13921.535892545015, 2064.4512731620935], [13907.849949676793, 2057.568095082262], [13900.99893691354, 2057.552012423974], [13887.312994045322, 2050.6688343441424], [13873.627051177102, 2043.7856562643112], [13852.83278099972, 2029.760698946076], [13839.146838131506, 2022.8775208662455], [13811.774952395068, 2009.1111647065832], [13797.814969016317, 2002.2273433204202], [13784.1290261481, 1995.344165240589], [13770.443083279883, 1988.460987160758], [13749.906770954738, 1981.287685912108], [13729.09577481274, 1974.3877818676565], [13708.542736522979, 1974.3395338927905], [13694.85679365476, 1967.4563558129591], [13667.178702091218, 1967.391381873473], [13632.907555616659, 1974.161981345282], [13584.660343105066, 1980.8997721941832], [13563.833264304774, 1980.8508809129846], [13543.280226015013, 1980.8026329381184], [13529.578200488508, 1980.7704676215408], [13509.025162198746, 1980.7222196466748], [13488.198083398454, 1980.673328365477], [13460.79403234544, 1980.6089977323215], [13439.966953545148, 1980.5601064511238], [13419.397189290772, 1987.6369117500408], [13412.546176527516, 1987.6208290917525], [13391.993138237758, 1987.5725811168863], [13364.298964015923, 1994.358619940653], [13350.596938489414, 1994.3264546240753], [13343.762008384452, 1987.4593592025333], [13330.09279148085, 1973.451127848918], [13316.148890760393, 1959.7162936995026], [13295.644100445497, 1939.115007434875], [13281.97424023557, 1925.38081659179], [13268.321105990259, 1904.5215724749223], [13247.526192506546, 1890.7706556672174], [13233.872414954905, 1870.1854520608792], [13220.20319805131, 1856.177220707264], [13213.368267946342, 1849.310125285722], [13206.533337841378, 1842.4430298641794], [13206.549420499668, 1835.592017100926], [13199.456532542463, 1821.8732656097986], [13199.47261520075, 1815.0222528465451], [13192.654411060406, 1801.0301041512191], [13185.851646272018, 1780.4609832031695], [13172.197868720377, 1759.875779596831], [13158.544734475066, 1739.0165354799633], [13137.781986307933, 1711.5635931457514], [13117.27719599304, 1690.9623068811238], [13089.905953562933, 1676.9219102109319], [13055.425097211002, 1656.2878153233958], [13020.912075542496, 1649.3557459623667], [12993.524107147765, 1642.4404025659578], [12966.136138753041, 1635.525059169549], [12938.474129847786, 1628.6090724668093], [12911.070078794772, 1628.544741833654], [12890.24299999448, 1628.4958505524562], [12869.689961704718, 1628.44760257759], [12842.011870141174, 1628.382628638103], [12821.458831851412, 1628.334380663237], [12814.60781908816, 1628.3182980049476], [12800.905793561655, 1628.2861326883708], [12794.038698140112, 1635.121062793335], [12780.062632103076, 1635.0882541704257], [12759.509593813314, 1635.0400061955597], [12745.80756828681, 1635.007840878982], [12725.238447338757, 1641.8106056673694], [12718.113394064974, 1641.7938797027493], [12704.395285880179, 1648.6127271494252], [12697.544273116926, 1648.596644491136], [12676.975152168876, 1655.3994092795233], [12656.148073368586, 1655.3505179983256], [12642.429965183788, 1662.1693654450014], [12635.578952420536, 1662.153282786713], [12628.711856998996, 1668.9882128916772], [12621.86084423574, 1668.972130233389], [12608.142736050944, 1675.7909776800648], [12587.266765969454, 1696.5691651991579], [12573.548657784662, 1703.388012645834], [12566.681562363116, 1710.2229427507982], [12559.830549599863, 1710.2068600925097], [12559.814466941574, 1717.0578728557632], [12546.09635875678, 1723.876720302439], [12538.971305482995, 1723.859994337819], [12532.104210061452, 1730.6949244427833], [12525.23711463991, 1737.5298545477483], [12518.369375912038, 1744.6388251632432], [12511.502280490493, 1751.4737552682082], [12504.63518506895, 1758.3086853731731], [12497.75200698912, 1771.9946282413912], [12484.033898804324, 1778.813475688067], [12476.876680213962, 1792.498775249954], [12476.860597555675, 1799.3497880132074], [12470.009584792422, 1799.333705354919], [12469.992858827802, 1806.458758628702], [12463.125763406259, 1813.2936887336673], [12463.061432773105, 1840.6977397866815], [12456.178254693272, 1854.3836826549], [12455.935728206276, 1957.696955124763], [12462.770658311245, 1964.564050546306], [12462.721767030047, 1985.391129346596], [12469.556697135009, 1992.2582247681387], [12469.524531818433, 2005.960250294646], [12476.359461923395, 2012.827345716188], [12476.31121394853, 2033.3803840059484], [12483.41954125769, 2040.5221632443524], [12483.403458599403, 2047.373176007606], [12490.23838870437, 2054.240271429149], [12490.222306046084, 2061.0912841924023], [12497.073318809336, 2061.1073668506906], [12497.057236151046, 2067.958379613944], [12503.892166256008, 2074.825475035487], [12503.876083597721, 2081.6764877987407], [12510.711013702685, 2088.5435832202825], [12517.545943807654, 2095.410678641825], [12517.529217843032, 2102.5357319156083], [12524.364147947996, 2109.4028273371514], [12531.215160711248, 2109.4189099954397], [12538.050090816214, 2116.2860054169823], [12538.034008157923, 2123.137018180236], [12545.15906143171, 2123.153744144856], [12545.126896115133, 2136.8557696713633], [12551.977908878385, 2136.8718523296516], [12551.961826220097, 2143.722865092905], [12558.796756325062, 2150.5899605144477], [12565.631686430024, 2157.45705593599], [12572.46597322866, 2164.5981918680623], [12572.449890570373, 2171.4492046313158], [12579.284820675335, 2178.3163000528584], [12586.135833438588, 2178.332382711147], [12586.119750780299, 2185.1833954744006], [12592.954680885265, 2192.0504908959433], [12592.938598226974, 2198.901503659197], [12599.773528331943, 2205.7685990807386], [12599.757445673653, 2212.6196118439925], [12606.866416289145, 2219.487350571866], [12606.849690324525, 2226.6124038456496], [12613.68462042949, 2233.4794992671928], [12613.652455112915, 2247.1815247936997], [12620.503467876168, 2247.197607451988], [12620.471302559587, 2260.899632978495], [12627.306232664556, 2267.766728400038], [12627.273424041645, 2281.7427944370747], [12634.092271488322, 2295.460902621871], [12640.911118934997, 2309.1790108066666], [12654.580979144928, 2322.913201649751], [12661.673867102134, 2336.6319531408785], [12668.492071242477, 2350.624101836205], [12675.327001347443, 2357.491197257747], [12682.145848794114, 2371.2093054425427], [12682.129766135828, 2378.060318205796], [12688.964696240795, 2384.927413627339], [12688.948613582505, 2391.7784263905924], [12695.78354368747, 2398.6455218121346], [12695.76681772285, 2405.770575085918], [12702.601747827812, 2412.637670507461], [12702.585665169525, 2419.488683270715], [12709.420595274489, 2426.3557786922565], [12709.404512616202, 2433.20679145551], [12716.255525379456, 2433.2228741137988], [12716.239442721168, 2440.0738868770522], [12723.34841333666, 2446.9416256049267], [12730.183343441626, 2453.8087210264684], [12737.018273546588, 2460.675816448011], [12743.852560345224, 2467.8169523800834], [12750.68749045019, 2474.6840478016256], [12757.522420555153, 2481.5511432231683], [12764.357350660119, 2488.4182386447105], [12771.192280765084, 2495.2853340662523], [12778.027210870046, 2502.152429487795], [12778.01112821176, 2509.0034422510485], [12785.136181485543, 2509.0201682156685], [12785.103372862632, 2522.996234252706], [12791.954385625884, 2523.0123169109947], [12791.922220309309, 2536.7143424375017], [12798.773233072563, 2536.730425095791], [12798.660011158212, 2584.961554949096], [12805.494941263176, 2591.828650370638], [12743.432481310721, 2646.765405756266], [12750.267411415685, 2653.6325011778085], [12770.756119072292, 2681.084800205689], [12784.700019792752, 2694.819634355105], [12798.353154038063, 2715.6788784719733], [12812.006931589702, 2736.2640820783113], [12825.643983176722, 2763.9743389584337], [12832.478913281688, 2770.841434379976], [12839.31384338665, 2777.708529801518], [12846.422814002144, 2784.576268529392], [12846.390648685567, 2798.278294055899], [12853.225578790536, 2805.1453894774413], [12860.044426237208, 2818.8634976622375], [12866.846547719264, 2839.7066591208168], [12866.830465060977, 2846.5576718840703], [12880.500325270908, 2860.291862727155], [12880.484242612618, 2867.1428754904086], [12894.170185480834, 2874.02605357024], [12901.27915609633, 2880.8937922981136], [12908.113442894964, 2888.0349282301863], [12935.485328631403, 2901.801284389848], [12956.02228426287, 2908.7005451279683], [12976.833280404871, 2915.6004491724198], [12997.370236036346, 2922.49970991054], [13011.072261562853, 2922.531875227117], [13017.907191667819, 2929.3989706486595], [13031.883257704854, 2929.4317792715688], [13052.420213336329, 2936.3310400096884], [13079.808181731052, 2943.2463834060973]]]}, "properties": {"objectType": "annotation", "name": "Hemorrhage", "color": [255, 0, 255]}}, {"type": "Feature", "id": "d4a0b683-b74b-446f-a477-87b5048b4eff", "geometry": {"type": "Polygon", "coordinates": [[[12724.027545155011, 5076.102366289396], [12799.662726061331, 5076.2799188369045], [12833.9177898776, 5076.360332128348], [12868.462976862686, 5069.59037596287], [12882.181085047481, 5062.771528516195], [12909.875259269316, 5055.985489692427], [12930.445023523698, 5048.90868439351], [12951.014144471745, 5042.105919605123], [12965.006293167073, 5035.287715464779], [12971.873388588616, 5028.452785359814], [12978.724401351868, 5028.4688680181025], [12978.83762326622, 4980.2377381647975], [12992.717201340238, 4904.634722575056], [12999.648627394934, 4870.395741417076], [13006.59677941425, 4829.0317069853145], [13006.645670695449, 4808.2046281850235], [13020.686067365641, 4780.833385754919], [13027.585328103762, 4760.296430123446], [13034.485232148212, 4739.485433981445], [13041.384492886331, 4718.948478349972], [13062.050753090445, 4670.765596471534], [13075.8331919084, 4636.542697971843], [13083.023219121667, 4608.88133237292], [13096.78957528133, 4581.5094466364835], [13110.556574747323, 4553.863520389516], [13124.339013565273, 4519.640621889826], [13138.39613620009, 4485.144326185938], [13159.174975012224, 4389.0043549647235], [13173.00630511137, 4333.954377664743], [13179.9383744724, 4299.441355996234], [13186.870443833432, 4264.928334327725], [13186.983022441453, 4216.97124498495], [13193.899009144192, 4189.3092360796945], [13201.201614965485, 4113.690781137995], [13201.249862940347, 4093.1377428482356], [13208.181932301379, 4058.624721179726], [13208.424458788371, 3955.311448709862], [13215.355884843071, 3921.0724675518836], [13215.614493988354, 3810.908182318766], [13222.513754726473, 3790.371226687295], [13222.691950580313, 3714.462005270445], [13229.65554195159, 3666.5209985859588], [13229.995207694648, 3521.8276090260442], [13223.273499504035, 3466.7293837511966], [13223.402804076677, 3411.6472411346385], [13209.814000464521, 3363.3839459647556], [13195.902265060642, 3335.9470862888325], [13189.099500272256, 3315.3779653407832], [13182.264570167286, 3308.5108699192406], [13175.446366026945, 3294.518721223915], [13161.760423158727, 3287.635543144084], [13148.090562948797, 3273.901352300999], [13141.271715502122, 3260.183244116203], [13127.31173212337, 3253.2994227300405], [13120.493527983028, 3239.3072740347147], [13106.80758511481, 3232.4240959548833], [13093.13772490488, 3218.6899051117985], [13086.302794799914, 3211.8228096902562], [13079.209906842709, 3198.104058199129], [13065.540689939111, 3184.0958268455142], [13051.870829729181, 3170.36163600243], [13031.366039414288, 3149.7603497378027], [13010.587208588862, 3129.1584201668443], [12996.934074343555, 3108.299176049976], [12983.264214133624, 3094.564985206891], [12969.578271265407, 3087.68180712706], [12962.759423818728, 3073.963698942264], [12955.650453203232, 3067.09596021439], [12948.8161664046, 3059.9548242823175], [12935.146306194672, 3046.220633439233], [12928.327458747995, 3032.5025252544374], [12921.50861130132, 3018.7844170696417], [12907.822668433106, 3011.9012389898103], [12901.004464292757, 2997.9090902944845], [12893.911576335551, 2984.190338803357], [12880.257798783912, 2963.6051351970186], [12866.58793857398, 2949.8709443539337], [12859.769734433637, 2935.878795658608], [12846.099874223706, 2922.144604815523], [12839.0069862665, 2908.425853324396], [12832.188138819825, 2894.7077451396], [12825.369934679482, 2880.7155964442736], [12818.551087232803, 2866.9974882594784], [12804.881227022875, 2853.2632974163935], [12798.062379576199, 2839.5451892315978], [12791.243532129523, 2825.8270810468016], [12784.441410647469, 2804.9839195882223], [12777.348522690261, 2791.265168097095], [12770.529675243586, 2777.5470599122987], [12756.859815033655, 2763.8128690692142], [12750.0576935516, 2742.9697076106345], [12736.419998658248, 2715.5334912410426], [12729.617877176193, 2694.6903297824633], [12722.815112387807, 2674.121208834414], [12715.722224430601, 2660.4024573432866], [12708.887294325632, 2653.535361921744], [12708.920102948543, 2639.5592958847064], [12702.085172843577, 2632.6922004631647], [12702.101255501866, 2625.841187699911], [12688.447477950229, 2605.255984093573], [12681.628630503548, 2591.537875908777], [12681.661439126457, 2577.5618098717396], [12674.842591679784, 2563.8437016869443], [12675.004061569003, 2495.0595335438784], [12668.16913146404, 2488.1924381223357], [12668.201296780617, 2474.4904125958287], [12661.366366675651, 2467.6233171742865], [12647.43919191981, 2446.7634297510863], [12640.620344473136, 2433.045321566291], [12626.950484263209, 2419.311130723206], [12620.13163681653, 2405.5930225384104], [12606.462419912932, 2391.5847911847954], [12599.369531955728, 2377.8660396936684], [12585.731837062374, 2350.4298233240766], [12572.078702817065, 2329.5705792072076], [12558.441007923713, 2302.134362837616], [12544.803956336693, 2274.4241059574947], [12530.89222093281, 2246.987246281571], [12517.222360722883, 2233.253055438486], [12510.436321899115, 2205.5588812166534], [12503.633557110725, 2184.9897602686037], [12489.996505523708, 2157.279503388482], [12483.17765807703, 2143.561395203686], [12476.100852778112, 2122.991630949305], [12476.1658267176, 2095.3135393857606], [12469.36306192921, 2074.7444184377114], [12469.395227245792, 2061.0423929112044], [12462.576379799115, 2047.3242847264082], [12455.758175658768, 2033.3321360310824], [12455.790340975347, 2019.6301105045752], [12448.971493528672, 2005.9120023197797], [12442.152646081995, 1992.1938941349833], [12435.35052459994, 1971.350732676404], [12421.680664390009, 1957.6165418333192], [12414.603859091092, 1937.0467775789386], [12407.785011644417, 1923.3286693941423], [12400.966807504072, 1909.3365206988165], [12400.99897282065, 1895.6344951723092], [12394.180125373972, 1881.9163869875138], [12394.438734519255, 1771.7521017543963], [12401.370803880283, 1737.2390800858875], [12408.286147276696, 1709.8511116911618], [12415.185408014815, 1689.3141560596898], [12422.359352569796, 1668.5038032240195], [12429.258613307917, 1647.9668475925475], [12436.12570872946, 1641.1319174875832], [12449.85989957254, 1627.4620572776537], [12456.743720958704, 1613.5020738989047], [12463.626899038538, 1599.8161310306868], [12470.493994460081, 1592.9812009257219], [12477.345007223334, 1592.997283584011], [12477.36108988162, 1586.1462708207575], [12484.502225813694, 1579.311984022124], [12491.353238576949, 1579.3280666804126], [12491.369321235235, 1572.4770539171589], [12498.236416656779, 1565.6421238121945], [12505.087429420031, 1565.658206470483], [12505.104155384652, 1558.5331531966992], [12511.971250806195, 1551.698223091735], [12512.067746755925, 1510.5921465122137], [12491.6600956971, 1448.6107431575354], [12450.53858775233, 1338.349318668354], [12395.682888964477, 1241.7577543891023], [12327.140604002076, 1138.5570525405496], [12258.566797029427, 1048.7843357079737], [12210.497137065342, 979.8869456505548], [12176.081254652894, 931.5747591994742], [12121.160581925556, 862.661286483767], [12087.00265736535, 821.2007561022716], [12038.916914742977, 759.154378808107], [12004.775072841065, 710.8428356633581], [11963.523617017323, 655.9375943012651], [11929.107734604879, 607.6254078501846], [11888.098797281422, 566.1487948104008], [11860.501762315651, 531.5547165441164], [11839.96480668418, 524.655455805996], [11839.980889342467, 517.8044430427425], [11826.294946474252, 510.92126496291206], [11819.16989320047, 510.90453899829123], [11812.3349630955, 504.03744357674924], [11771.293217149137, 476.536896574002], [11681.84408340133, 407.26832674998894], [11571.841268057435, 338.22554946164007], [11489.451570337593, 296.9258376763219], [11407.046433265794, 262.203098143727], [11345.161525860849, 241.50467262303636], [11296.963204630452, 227.41538467164582], [11262.450182961946, 220.48331531061686], [11214.251218425217, 206.66806786975667], [11193.714262793745, 199.768807131637], [11152.350228361984, 192.8206551123188], [11131.813272730511, 185.92139437419914], [11104.409221677497, 185.8570637410438], [11083.598225535494, 178.9571596965925], [11056.19417448248, 178.89282906343715], [11028.532808883558, 171.70280185016705], [11001.14484048883, 164.78745845375815], [10980.31776168854, 164.73856717256038], [10946.07878053056, 157.80714111786304], [10932.376755004054, 157.77497580128536], [10904.714746098798, 150.85898909854563], [10891.012720572291, 150.82682378196796], [10863.624752177566, 143.91148038555906], [10835.978825930599, 130.14448091956578], [10801.739844772621, 123.21305486486767], [10780.928848630618, 116.31315082041637], [10753.557606200513, 102.27275415022436], [10739.597622821764, 95.38893276406152], [10725.927762611835, 81.65474192097676], [10712.241819743616, 74.77156384114555], [10698.571959533687, 61.037372998060796], [10684.902742630089, 47.02914164444646], [10670.95884190963, 33.294307495030075], [10664.139994462954, 19.57619931023455], [10650.454051594736, 12.693021230403337], [10629.94926127984, -7.908265034223405], [10609.171073760748, -28.784235115712136], [10588.650200787566, -42.53450861708611], [10568.129327814382, -56.28478211845931], [10554.153261777345, -56.31759074136862], [10533.616306145874, -63.216851479488284], [10506.21225509286, -63.281182112643634], [10485.36909363428, -56.47906063058785], [10457.965042581265, -56.5433912637432], [10437.121881122686, -49.74126978168742], [10416.536677516346, -36.08749223004647], [10402.802486673263, -22.417632020117072], [10382.200557102304, -1.6388011946922234], [10375.043338511941, 12.046498367194], [10368.1762430904, 18.881428472159087], [10368.127995115536, 39.4344667619197], [10361.26089969399, 46.26939686688479], [10361.179843096215, 80.79850119368207], [10368.014773201181, 87.66559661522483], [10374.849703306145, 94.53269203676682], [10374.833620647856, 101.38370480002035], [10381.942591263352, 108.25144352789475], [10388.776878061984, 115.3925794599671], [10395.595725508661, 129.11068764476263], [10402.430655613625, 135.9777830663054], [10409.265585718591, 142.84487848784738], [10416.100515823555, 149.71197390939014], [10422.919363270232, 163.43008209418568], [10429.754293375196, 170.29717751572767], [10436.57249751554, 184.28932621105432], [10443.681468131035, 191.15706493892793], [10457.351328340965, 204.89125578201268], [10464.18625844593, 211.75835120355467], [10471.005105892606, 225.47645938835097], [10484.674322796203, 239.48469074196532], [10498.312017689555, 266.92090711155714], [10525.925135313613, 294.66397261458866], [10546.39776031193, 328.96728440572247], [10560.051537863572, 349.55248801206073], [10580.797560066087, 384.13048362005657], [10594.467420276016, 397.8646744631413], [10614.95548462629, 425.59101400155197], [10635.718232793426, 453.0439563357639], [10649.371367038735, 473.9032004526317], [10663.025144590376, 494.48840405897005], [10683.820058074089, 508.23932086667486], [10690.622822862477, 528.8084418147247], [10704.292039766075, 542.816673168339], [10717.945817317714, 563.4018767746774], [10724.78074742268, 570.26897219622], [10738.43452497432, 590.8541758025584], [10752.393865046737, 598.0120376992508], [10759.228795151703, 604.8791331207935], [10772.89865536163, 618.6133239638775], [10786.58459822985, 625.4965020437088], [10807.379511713563, 639.2474188514136], [10821.048728617161, 653.2556502050287], [10834.718588827089, 666.9898410481135], [10855.239461800275, 680.7401145494866], [10862.348432415769, 687.6078532773611], [10910.192299844191, 735.9515617386869], [10930.987213327902, 749.7024785463925], [10951.508086301088, 763.4527520477657], [10958.343016406052, 770.3198474693077], [10972.01223330965, 784.3280788229227], [10985.972216688398, 791.2119002090857], [10999.658159556615, 798.095078288916], [11020.179032529799, 811.84535179029], [11027.013962634765, 818.712447211832], [11047.792150153857, 839.5884172933207], [11054.627080258822, 846.4555127148635], [11068.31302312704, 853.338690794694], [11075.131870573716, 867.0567989794903], [11081.950718020391, 880.7749071642858], [11095.636660888611, 887.658085244117], [11102.712822881196, 908.5018900090281], [11116.382683091126, 922.2360808521129], [11123.2015305378, 935.9541890369092], [11130.020377984478, 949.6722972217046], [11136.838582124823, 963.6644459170305], [11136.806416808246, 977.3664714435376], [11150.476277018173, 991.1006622866224], [11150.444111701598, 1004.8026878131294], [11164.355203799147, 1032.5135879995833], [11171.157968587535, 1053.0827089476322], [11177.944007411303, 1080.7768831694652], [11184.746772199689, 1101.3460041175151], [11191.533454329787, 1128.7661378288178], [11191.484563048589, 1149.5932166291086], [11198.287327836975, 1170.1623375771578], [11198.255162520398, 1183.8643631036648], [11205.057284002454, 1204.707524562245], [11205.025118685877, 1218.4095500887522], [11211.843966132552, 1232.1276582735477], [11218.66281357923, 1245.8457664583432], [11225.738975571814, 1266.689571223255], [11232.557823018491, 1280.4076794080506], [11239.360587806877, 1300.9768003560996], [11246.195517911843, 1307.8438957776423], [11246.162709288934, 1321.8199618146798], [11252.997639393898, 1328.6870572362218], [11252.981556735609, 1335.5380699994753], [11259.800404182286, 1349.2561781842708], [11266.619251628961, 1362.9742863690672], [11273.454181733927, 1369.8413817906091], [11287.397439148053, 1383.850256450556], [11294.21628659473, 1397.5683646353514], [11301.035134041405, 1411.2864728201478], [11314.688911593048, 1431.871676426486], [11321.491033075103, 1452.7148378850654], [11335.160893285032, 1466.44902872815], [11349.088711347204, 1487.0348756408193], [11362.757928250801, 1501.0431069944345], [11376.42778846073, 1514.7772978375192], [11383.246635907406, 1528.4954060223147], [11390.065483354083, 1542.213514207111], [11403.992658109923, 1563.0734016303106], [11417.646435661562, 1583.6586052366488], [11438.118417353548, 1618.235957538313], [11451.772194905188, 1638.8211611446513], [11472.534943072324, 1666.2741034788633], [11479.337064554382, 1687.1172649374425], [11492.99084210602, 1707.702468543781], [11506.644619657662, 1728.2876721501193], [11520.55571175521, 1755.998572336573], [11534.209489306855, 1776.5837759429114], [11554.665388340549, 1818.012141007829], [11568.33524855048, 1831.7463318509137], [11582.24634064803, 1859.4572320373668], [11602.767213621213, 1873.20750553874], [11623.255921277818, 1900.659804566621], [11636.925781487747, 1914.393995409706], [11657.703969006841, 1935.2699654911937], [11671.373829216769, 1949.0041563342786], [11678.192676663448, 1962.7222645190748], [11705.821876945794, 1983.614317258852], [11719.475654497433, 2004.1995208651904], [11726.294501944109, 2017.9176290499859], [11746.79864895267, 2038.792955825143], [11760.726467014845, 2059.3788027378127], [11774.380244566484, 2079.964006344151], [11788.017296153505, 2107.6742632242735], [11808.489921151819, 2141.977575015407], [11829.268108670913, 2162.8535450968957], [11849.724651010943, 2204.0078696512833], [11863.377785256249, 2224.8671137681517], [11877.015480149603, 2252.3033301377436], [11884.10836810681, 2266.022081628871], [11890.926572247152, 2280.014230324197], [11904.596432457083, 2293.7484211672813], [11911.39919724547, 2314.3175421153314], [11925.069057455401, 2328.0517329584163], [11945.847244974491, 2348.927703039904], [11959.501022526134, 2369.5129066462423], [11973.154800077771, 2390.0981102525807], [11979.97300421812, 2404.0902589479065], [11993.658947086336, 2410.973437027738], [12000.751835043542, 2424.692188518866], [12007.570682490217, 2438.410296703661], [12021.240542700149, 2452.144487546746], [12034.893676945458, 2473.003731663614], [12048.563537155389, 2486.7379225066984], [12062.507437875845, 2500.472756656115], [12076.177298085777, 2514.2069474992], [12082.995502226122, 2528.1990961945257], [12089.814349672793, 2541.917204379322], [12103.484209882727, 2555.651395222406], [12110.303057329402, 2569.369503407202], [12117.121261469747, 2583.3616521025283], [12131.049079531918, 2603.947499015198], [12137.867926978595, 2617.6656071999937], [12151.521704530236, 2638.2508108063316], [12158.339908670578, 2652.242959501658], [12165.158756117255, 2665.961067686454], [12171.97760356393, 2679.6791758712498], [12185.905421626103, 2700.2650227839194], [12192.707543108158, 2721.1081842424987], [12206.361320659798, 2741.693387848837], [12213.163442141855, 2762.5365493074164], [12226.817219693492, 2783.121752913755], [12240.712872439088, 2817.409625352932], [12254.382089342686, 2831.4178567065464], [12268.019784236041, 2858.8540730761383], [12274.805823059805, 2886.5482472979716], [12281.62467050648, 2900.2663554827673], [12288.459600611448, 2907.1334509043095], [12295.278448058123, 2920.8515590891056], [12302.371336015329, 2934.570310580233], [12309.18954015567, 2948.562459275559], [12316.008387602347, 2962.280567460355], [12315.97622228577, 2975.982592986862], [12322.77898707416, 2996.5517139349113], [12329.597191214503, 3010.5438626302375], [12329.548943239637, 3031.096900919998], [12336.351708028023, 3051.6660218680477], [12336.286734088535, 3079.344113431592], [12343.105581535212, 3093.0622216163874], [12343.073416218635, 3106.7642471428944], [12349.892263665313, 3120.4823553276906], [12349.811207067536, 3155.0114596544886], [12356.630054514211, 3168.7295678392843], [12356.597889197634, 3182.4315933657917], [12363.706216506796, 3189.5733726041954], [12363.609720557062, 3230.6794491837168], [12370.411842039119, 3251.522610642296], [12370.2503721499, 3320.306778785362], [12377.053136938288, 3340.875899733411], [12376.76236247643, 3464.7422104930356], [12383.435822692172, 3540.3934740576433], [12382.837547803832, 3795.2511488506752], [12389.59206461735, 3836.3733080884854], [12389.494925361287, 3877.7534251785364], [12483.29132362995, 5013.6037446441505], [12627.59745076498, 5062.173896934184], [12724.027545155011, 5076.102366289396]]]}, "properties": {"objectType": "annotation", "name": "Adipose tissue", "color": [255, 255, 0]}}, {"type": "Feature", "id": "05f8d795-d10f-4656-b447-f13e706742a9", "geometry": {"type": "Polygon", "coordinates": [[[-1096.036128428908, 5362.644868859023], [-1053.5598492967358, 5362.744581340413], [-1035.1991350912162, 5362.787682864627], [-1016.8384208856968, 5362.830784388841], [-998.7517471907075, 5362.873242606723], [-986.4199242168511, 5362.902191391642], [-974.3621417535247, 5362.930496870231], [-955.9872748087112, 5356.944707162781], [-931.5828733259028, 5350.699029684096], [-919.5109381232826, 5344.698443931022], [-907.4390029206622, 5338.697858177947], [-895.0930272075116, 5332.6979157312035], [-889.0641359758486, 5332.712068470498], [-870.6744729854091, 5320.4233470208555], [-864.6314290144518, 5314.408608528485], [-852.5453410725377, 5302.3791315437475], [-846.2134605454243, 5290.062104615517], [-834.1273726035098, 5278.032627630779], [-815.7094041344823, 5253.68612371781], [-797.5654761759849, 5229.33897649851], [-785.148093460032, 5192.920537382922], [-760.8607657428557, 5119.80833202855], [-754.4864269978603, 5089.404631405329], [-748.4292302876088, 5077.361001681297], [-742.3289320531435, 5046.956657751746], [-742.1140677384054, 4955.427127234679], [-748.0715519672661, 4924.994477826539], [-754.0290361961273, 4894.561828418399], [-753.9576291933251, 4864.143331749553], [-760.23225545693, 4852.070753240601], [-759.7317631309835, 4638.8672360481505], [-765.6750946205503, 4602.405695408347], [-765.4750263514379, 4517.179096633474], [-759.3174738534643, 4462.385147266739], [-758.8176248338494, 4249.455670584819], [-764.7892618020045, 4225.051912408343], [-764.7320075384963, 4200.6623069711595], [-770.7177972459452, 4182.287440026346], [-770.5608305010467, 4115.421555456992], [-776.546620208496, 4097.046688512178], [-776.4610604664, 4060.5993006116696], [-782.4185446952607, 4030.1666512035295], [-781.2895420833886, 3549.2255552231304], [-775.1602950640037, 3506.4893883197224], [-774.6887515229766, 3305.617694101128], [-768.6032493341369, 3281.51628191377], [-768.5028935464148, 3238.7659622710676], [-762.4167480512438, 3214.390509573179], [-756.3022970774845, 3177.957274411964], [-756.1736358111742, 3123.149172305936], [-749.8423985903927, 3111.1061858882354], [-749.7992970661788, 3092.7454716827156], [-743.7131515710074, 3068.3700189848278], [-743.6700500467936, 3050.009304779308], [-737.6270060758363, 3043.994566286939], [-737.5697518123281, 3019.6049608497565], [-731.4694535778632, 2989.2006169202045], [-719.0379181226164, 2946.753286572952], [-706.8373216536856, 2885.9445987138492], [-700.7370234192207, 2855.5402547842978], [-694.3768374135193, 2831.165445392741], [-694.3478886285993, 2818.8336224188843], [-688.1761833913318, 2758.010781820487], [-682.0758851568664, 2727.606437890935], [-681.904765672674, 2654.711662089918], [-675.8469256560912, 2642.3939918553556], [-675.775518653289, 2611.9754951865098], [-669.703525897412, 2593.628933720284], [-669.6469149402354, 2569.513368793632], [-663.3008816738284, 2551.1674506337376], [-657.214736178657, 2526.7919979358494], [-657.1574819151488, 2502.402392498667], [-651.0861324656033, 2484.3298715429714], [-651.0140821564695, 2453.6373343635955], [-644.9427327069244, 2435.5648134079], [-644.8854784434162, 2411.1752079707176], [-638.5542412226343, 2399.1322215530167], [-638.4969869591262, 2374.742616115834], [-632.4391469425439, 2362.424945881272], [-632.4108414639555, 2350.3671634179464], [-626.3388487080784, 2332.0206019517204], [-620.2385504736127, 2301.616258022169], [-614.1382522391477, 2271.2119140926175], [-607.763913494152, 2240.808213469397], [-601.6919207382753, 2222.461652003172], [-601.6777679989814, 2216.4327607715086], [-595.6347240280238, 2210.4180222791397], [-595.6057752431038, 2198.086199305283], [-583.5055345618956, 2180.027831088882], [-577.1595012954886, 2161.681912928989], [-571.102304585237, 2149.6382832049567], [-571.0881518459427, 2143.6093919732934], [-565.0444645686539, 2137.320612970394], [-565.0161590900656, 2125.2628305070675], [-558.9731151191083, 2119.2480920146986], [-552.6270818527013, 2100.9021738548054], [-540.5409939107869, 2088.8726968700666], [-540.5120451258671, 2076.5408738962105], [-534.4548484156155, 2064.4972441721784], [-534.4406956763216, 2058.468352940515], [-528.3970083990324, 2052.179573937616], [-528.3687029204441, 2040.1217914742904], [-522.051618438957, 2034.1076962882523], [-522.0085169147432, 2015.746982082733], [-515.9654729437859, 2009.732243590364], [-515.9365241588664, 1997.400420616508], [-509.8793274486149, 1985.3567908924758], [-509.85102197002664, 1973.2990084291494], [-503.7931819534435, 1960.981338194587], [-503.77902921414915, 1954.9524469629237], [-491.3899519767849, 1930.5917903106613], [-485.3179592209082, 1912.2452288444356], [-485.2896537423199, 1900.187446381109], [-479.2324570320684, 1888.143816657077], [-479.2035082471485, 1875.8119936832209], [-473.146311536897, 1863.7683639591887], [-466.8002782704899, 1845.4224457992948], [-460.7282855146128, 1827.0758843330698], [-454.64278332577345, 1802.9744721457112], [-454.5996818015596, 1784.6137579401918], [-448.54248509130804, 1772.5701282161597], [-442.48464507472494, 1760.2524579815972], [-436.1534078539434, 1748.2094715638966], [-436.1386118083179, 1741.9065398217037], [-430.0814150980667, 1729.8629100976716], [-430.05310961947845, 1717.8051276343451], [-423.966964124307, 1693.429674936457], [-417.89497136842994, 1675.0831134702312], [-411.83777465817843, 1663.039483746199], [-411.8088258732589, 1650.7076607723432], [-405.47758865247744, 1638.6646743546426], [-399.4197486358947, 1626.34700412008], [-393.3483991863492, 1608.2744831643847], [-387.2764064304717, 1589.927921698159], [-380.9451692096902, 1577.8849352804584], [-380.9162204247707, 1565.5531123066023], [-374.8590237145192, 1553.5094825825702], [-368.80118369793644, 1541.1918123480077], [-362.74398698768493, 1529.1481826239756], [-356.68679027743343, 1517.1045528999434], [-356.67199423180784, 1510.8016211577506], [-350.3266042717324, 1492.729743508387], [-350.2835027475182, 1474.3690293028676], [-338.09705901788215, 1419.5892326754272], [-331.9967607834164, 1389.1848887458757], [-331.82499799289263, 1316.0160724343273], [-325.7105470191329, 1279.5828372731125], [-313.29316430318, 1243.164398157524], [-301.1639748370518, 1212.774206967266], [-288.76074486039323, 1182.3846590833405], [-282.7029048438105, 1170.066988848778], [-282.67459936522215, 1158.0092063854515], [-276.6167593486394, 1145.6915361508898], [-270.54540989909356, 1127.6190151951944], [-270.4450541113719, 1084.8686955524918], [-264.11381689059044, 1072.8257091347914], [-264.05656262708226, 1048.4361036976088], [-257.99936591683075, 1036.3924739735767], [-251.92737316095403, 1018.0459125073518], [-239.7840309555311, 981.6268300854306], [-227.36600493324696, 944.9343504593115], [-227.3093939760704, 920.8187855326594], [-221.26570669878197, 914.53000652976], [-215.20850998853044, 902.4863768057279], [-208.87662946141734, 890.1693498774971], [-196.77638878020863, 872.110981661096], [-196.7622360409143, 866.0820904294328], [-184.68965753196264, 859.8074641658278], [-178.35842031118116, 847.7644777481273], [-172.30122360092963, 835.7208480240952], [-166.25753632364084, 829.432069021196], [-160.21449235268364, 823.417330528827], [-154.17144838172646, 817.4025920364581], [-147.8543639002393, 811.3884968504209], [-141.8106766229501, 805.0997178475216], [-141.78237114436183, 793.0419353841951], [-135.7251744341107, 780.9983056601629], [-135.68207290989685, 762.6375914546437], [-129.59592741472582, 738.2621387567555], [-129.53867315121764, 713.8725333195729], [-123.1643344062223, 683.4688326963524], [-122.87870639501338, 561.7948460209692], [-129.13853661299274, 543.419335769824], [-128.9674171288002, 470.5245599688067], [-134.9532068362496, 452.1496930239931], [-134.9249013576613, 440.09191056066663], [-140.92484380440425, 427.74593484751625], [-146.91127681818526, 409.645108413233], [-153.15695429687028, 385.2407069304245], [-159.12859126502573, 360.83694875394764], [-171.10081398625536, 324.3612553748507], [-177.05829821511648, 293.9286059667106], [-183.3039756938015, 269.5242044839021], [-195.31865663291373, 251.13518479979493], [-201.29029360106878, 226.73142662331807], [-207.29087935414375, 214.65949142069726], [-207.23362509063594, 190.2698859835147], [-213.50760804790926, 177.9232669640327], [-213.47930256932096, 165.86548450070623], [-219.47988832239594, 153.7935492980862], [-225.47983076913889, 141.44757358493578], [-225.451525290551, 129.3897911216093], [-231.4662637829199, 123.34674715065252], [-231.39421347378612, 92.65420997127639], [-237.69714521597933, 92.63941392565043], [-237.6829924766854, 86.61052269398719], [-243.6977309690543, 80.56747872303039], [-243.68357822976034, 74.53858749136715], [-249.69831672212925, 68.49554352040958], [-255.72720795379212, 68.48139078111603], [-261.74130313982977, 62.1643062996281], [-274.0589733743923, 56.10646628304534], [-280.0878646060555, 56.09231354375101], [-286.11675583771836, 56.078160804457454], [-286.102603098424, 50.049269572794216], [-292.13149433008726, 50.035116833499885], [-298.4344260722805, 50.02032078787392], [-304.4633173039437, 50.00616804858036], [-310.49220853560655, 49.99201530928603], [-316.5210997672698, 49.9778625699917], [-322.824031509463, 49.96306652436651], [-328.85292274112624, 49.94891378507218], [-334.8818139727895, 49.93476104577785], [-340.9107052044523, 49.920608306483516], [-346.93959643611555, 49.90645556718996], [-353.24252817830876, 49.891659521563994], [-359.271419409972, 49.87750678226966], [-365.30031064163524, 49.863354042976106], [-371.32920187329813, 49.849201303681774], [-377.35809310496137, 49.83504856438744], [-383.6610248471546, 49.82025251876225], [-383.6468721078606, 43.791361287099015], [-395.70465457118706, 43.76305580851035], [-401.73354580284996, 43.74890306921602], [-408.02232480574884, 37.70521579192759], [-414.0512160374121, 37.69106305263326], [-420.0801072690753, 37.676910313339704], [-426.1231512400329, 43.69164880570861], [-432.1520424716957, 43.67749606641428], [-438.46912695318287, 49.69159125245155], [-456.58410612676045, 61.70691549789581], [-474.97376911720005, 73.99563694753802], [-487.0457043198201, 79.99622270061259], [-493.376941540602, 92.0392091183131], [-505.44952004955366, 98.3138353819188], [-529.8815837046187, 116.34325481339955], [-547.997206184528, 128.6326195693734], [-572.4440658852187, 152.96497074304853], [-578.7611503667063, 158.9790659290858], [-590.8472383086206, 171.00854291382362], [-602.9339695568663, 183.31206040909177], [-615.2940980093109, 195.34089408749873], [-621.3371419802685, 201.35563257986763], [-627.3808292575574, 207.64441158276614], [-633.4238732285141, 213.6591500751358], [-639.7268049707077, 213.64435402950986], [-645.7698489416649, 219.65909252187876], [-651.8128929126221, 225.67383101424767], [-657.8417841442854, 225.65967827495334], [-664.1588686257729, 231.67377346099138], [-676.2455998740189, 243.97729095625954], [-682.2744911056822, 243.9631382169652], [-694.6346195581265, 255.9919718953714], [-700.6635107897893, 255.97781915607783], [-700.6776635290836, 262.00671038774027], [-706.7213508063725, 268.29548939063955], [-718.8074387482872, 280.32496637537736], [-737.2395599566087, 310.70036152000927], [-743.2826039275662, 316.7151000123782], [-755.6575284256365, 335.046865432978], [-761.7147251358876, 347.09049515701014], [-767.7584124131764, 353.37927415990936], [-780.1185408656212, 365.4081078383156], [-786.1615848365783, 371.4228463306852], [-786.176380882204, 377.7257780728781], [-792.2194248531613, 383.740516565247], [-804.3055127950756, 395.76999354998554], [-810.6515460614831, 414.1159117098789], [-816.7087427717343, 426.15954143391104], [-822.7665827883172, 438.47721166847356], [-828.8096267592746, 444.49195016084246], [-828.8527282834884, 462.85266436636175], [-834.9240777330339, 480.92518532205713], [-847.3131549703983, 505.28584197432014], [-853.4134532048635, 535.6901859038716], [-865.8025304422281, 560.0508425561346], [-865.8739374450303, 590.4693392249803], [-871.9459302009071, 608.8159006912053], [-871.9883884187896, 626.902574386195], [-878.0320756960786, 633.1913533890943], [-878.0603811746666, 645.24913585242], [-884.1323739305437, 663.5956973186458], [-884.2037809333459, 694.0141939874915], [-890.2751303828916, 712.0867149431868], [-890.2899264285171, 718.3896466853797], [-896.6211636492986, 730.4326331030802], [-896.6642651735126, 748.7933473086003], [-908.8076073789351, 785.2124297305206], [-914.9362110919886, 827.6745561233986], [-921.0365093264538, 858.07890005295], [-921.1799666383897, 919.1899339011719], [-915.1652281460208, 925.2329778721287], [-915.193533624609, 937.2907603354552], [-909.1787951322401, 943.3338043064127], [-909.4650664497804, 1065.2818314923254], [-903.4503279574112, 1071.324875463283], [-903.4786334359995, 1083.3826579266095], [-897.4645382499622, 1089.6997424080967], [-897.4786909892564, 1095.72863363976], [-891.1899119863571, 1101.7723209170483], [-885.175173493988, 1107.815364888006], [-879.1462822623249, 1107.8295176273002], [-873.1173910306617, 1107.8436703665936], [-867.0884997989987, 1107.857823105888], [-854.7566768251422, 1107.8867718908075], [-842.6988943618161, 1107.9150773693962], [-812.2803976929704, 1107.986484372198], [-793.9196834874509, 1108.0295858964118], [-775.544816542637, 1102.0437961889631], [-763.487034079311, 1102.0721016675511], [-751.4150988766905, 1096.0715159144765], [-745.1121671344973, 1096.0863119601017], [-727.0113407002141, 1090.0998789463215], [-714.664721680732, 1083.8258959890481], [-708.6216777097744, 1077.8111574966786], [-702.5927864781112, 1077.825310235973], [-696.5638952464484, 1077.8394629752672], [-684.217919533298, 1071.8395205285235], [-678.1890283016347, 1071.8536732678178], [-672.1601370699719, 1071.8678260071122], [-666.1312458383087, 1071.8819787464065], [-653.7994228644523, 1071.910927531326], [-641.7274876618318, 1065.9103417782514], [-629.3956646879753, 1065.939290563171], [-623.3667734563121, 1065.9534433024653], [-598.9771680191295, 1066.0106975659735], [-586.919385555803, 1066.0390030445612], [-568.5586713502838, 1066.082104568775], [-568.5728240895781, 1072.1109958004383], [-562.5439328579149, 1072.1251485397327], [-556.5150416262517, 1072.1393012790263], [-550.2262626233523, 1078.1829885563154], [-544.1973713916896, 1078.1971412956098], [-538.1974289449462, 1090.5431170087602], [-532.1826904525769, 1096.586160979717], [-526.167951960208, 1102.6292049506746], [-519.8791729573087, 1108.672892227963], [-520.007834223619, 1163.4809943339912], [-526.4111217535343, 1206.216517931068], [-532.5114199879997, 1236.6208618606195], [-532.5538782058819, 1254.7075355556092], [-538.5975654831711, 1260.9963145585084], [-544.6547621934222, 1273.0399442825405], [-544.6689149327166, 1279.0688355142038], [-550.7267549492993, 1291.3865057487656], [-557.0438394307864, 1297.4006009348036], [-557.0579921700808, 1303.429492166466], [-563.101036141038, 1309.4442306588357], [-569.1730288969151, 1327.7907921250608], [-575.2302256071666, 1339.834421849093], [-575.2591743920865, 1352.1662448229488], [-581.590411612868, 1364.20923124065], [-587.6482516294508, 1376.5269014752118], [-593.7054483397019, 1388.570531199244], [-593.7196010789962, 1394.5994224309072], [-599.7626450499533, 1400.6141609232761], [-599.7915938348733, 1412.945983897133], [-605.86358659075, 1431.292545363358], [-618.2237150431947, 1443.3213790417642], [-630.3529045093234, 1473.711570232022], [-636.4248972652005, 1492.0581316982477], [-648.8139745025646, 1516.41878835051], [-654.8711712128162, 1528.4624180745423], [-654.91427273703, 1546.8231322800623], [-660.9573167079876, 1552.8378707724312], [-667.288553928769, 1564.8808571901316], [-667.3175027136886, 1577.2126801639877], [-679.4466921798172, 1607.6028713542455], [-691.5758816459459, 1637.9930625445027], [-703.9649588833097, 1662.3537191967657], [-710.065257117775, 1692.7580631263172], [-716.1224538280266, 1704.8016928503494], [-722.1802938446097, 1717.1193630849118], [-722.194446583904, 1723.148254316575], [-728.5115310653912, 1729.1623495026124], [-728.5256838046852, 1735.1912407342757], [-734.5835238212679, 1747.5089109688372], [-740.6407205315194, 1759.5525406928693], [-740.6548732708137, 1765.5814319245326], [-746.7127132873965, 1777.8991021590953], [-746.7410187659848, 1789.9568846224217], [-753.0728992930979, 1802.2739115506517], [-759.1442487426433, 1820.3464325063471], [-765.1872927136005, 1826.361170998716], [-765.2020887592261, 1832.6641027409096], [-771.2309799908893, 1832.6499500016153], [-777.2881767011405, 1844.6935797256474], [-783.6200572282539, 1857.0106066538783], [-789.6772539385051, 1869.0542363779105], [-795.7344506487566, 1881.0978661019426], [-801.7922906653396, 1893.415536336505], [-801.8064434046336, 1899.4444275681676], [-807.8494873755907, 1905.4591660605372], [-807.8636401148848, 1911.4880572921998], [-814.2096733812923, 1929.833975452094], [-820.2675133978751, 1942.1516456866564], [-826.3530155867146, 1966.253057874014], [-826.3819643716344, 1978.584880847871], [-832.4391610818859, 1990.6285105719032], [-838.511153837763, 2008.975072038128], [-838.5825608405651, 2039.3935687069738], [-844.9137980613468, 2051.436555124674], [-845.0000011097745, 2088.157983535714], [-851.0571978200257, 2100.201613259746], [-851.1144520835338, 2124.5912186969285], [-857.1716487937852, 2136.6348484209607], [-857.200597578705, 2148.966671394817], [-863.2719470282507, 2167.039192350512], [-875.6610242656149, 2191.399849002775], [-881.733017021492, 2209.7464104690007], [-881.7471697607862, 2215.775301700663], [-887.8191625166633, 2234.121863166889], [-893.8905119662087, 2252.1943841225843], [-900.236545232616, 2270.5403022824776], [-906.322690727787, 2294.9157549803667], [-906.3657922520008, 2313.276469185886], [-912.4371417015465, 2331.3489901415815], [-912.5085487043486, 2361.7674868104273], [-918.5805414602257, 2380.1140482766523], [-918.6088469388139, 2392.1718307399788], [-924.6666869553967, 2404.489500974541], [-924.694992433985, 2416.5472834378666], [-931.0120769154726, 2422.5613786239046], [-931.0693311789805, 2446.950984061087], [-937.1123751499377, 2452.965722553456], [-937.1554766741516, 2471.3264367589754], [-943.2274694300289, 2489.6729982252014], [-949.327767664494, 2520.077342154753], [-955.6731576245696, 2538.1492198041165], [-955.7162591487835, 2556.509934009636], [-961.7740991653667, 2568.8276042441985], [-961.8455061681688, 2599.246100913044], [-967.9310083570084, 2623.347513100402], [-967.9741098812223, 2641.708227305922], [-974.0602553763932, 2666.08368000381], [-974.1175096399014, 2690.4732854409926], [-980.2178078743668, 2720.8776293705446], [-986.5921466193622, 2751.2813299937648], [-992.7207503324158, 2793.7434563866427], [-992.7780045959238, 2818.1330618238253], [-998.864150091095, 2842.5085145217136], [-998.8783028303892, 2848.537405753377], [-1004.9502955862661, 2866.883967219602], [-1004.9644483255602, 2872.912858451265], [-1011.0074922965176, 2878.927596943634], [-1011.0364410814373, 2891.2594199174905], [-1017.3676783022188, 2903.302406335191], [-1017.3824743478445, 2909.605338077384], [-1023.4396710580957, 2921.6489678014163], [-1023.467976536684, 2933.706750264743], [-1029.496867768347, 2933.6925975254485], [-1029.525816553267, 2946.024420499305], [-1035.5688605242242, 2952.039158991674], [-1041.9000977450057, 2964.0821454093743], [-1054.0009817325458, 2982.414554136306], [-1060.072974488423, 3000.7611156025314], [-1066.1443239379685, 3018.8336365582268], [-1072.4762044650815, 3031.1506634864572], [-1072.5476114678836, 3061.569160155303], [-1078.6196042237607, 3079.915721621528], [-1084.6909536733062, 3097.9882425772234], [-1084.7623606761083, 3128.4067392460693], [-1090.8626589105738, 3158.8110831756208], [-1096.9777531906648, 3195.518358847366], [-1103.35209193566, 3225.922059470586], [-1115.6099426680987, 3311.1203527668717], [-1115.6671969316067, 3335.5099582040543], [-1121.7243936418581, 3347.5535879280865], [-1121.8672076474625, 3408.390581265778], [-1128.227393653164, 3432.765390657335], [-1128.9987179446937, 3761.3399627829754], [-1122.7388877267142, 3779.7154730341204], [-1122.8958544716127, 3846.581357603475], [-1116.8817592855753, 3852.8984420849624], [-1117.5102695715009, 4120.636020872911], [-1111.5103271247574, 4132.9819965860615], [-1111.6814466089502, 4205.876772387079], [-1105.709809640795, 4230.280530563557], [-1105.7529111650088, 4248.641244769075], [-1099.492437640698, 4266.742714509691], [-1099.606946167714, 4315.521925384056], [-1093.635309199559, 4339.925683560533], [-1093.7067162023613, 4370.344180229378], [-1087.7350792342063, 4394.747938405855], [-1087.8206389763025, 4431.195326306363], [-1081.8348492688533, 4449.570193251177], [-1081.8921035323613, 4473.95979868836], [-1075.9056705185803, 4492.060625122644], [-1075.9346193035003, 4504.392448096501], [-1069.6882985184834, 4528.522809068779], [-1063.6883560717404, 4540.868784781928], [-1063.8028645987563, 4589.647995656294], [-1057.8022788456815, 4601.719930858914], [-1058.0023471147938, 4686.9465296337885], [-1064.0595438250452, 4698.990159357821], [-1070.1456893202164, 4723.36561205571], [-1076.5058753259175, 4747.740421447266], [-1082.5637153425007, 4760.058091681828], [-1082.5778680817948, 4766.086982913492], [-1088.6209120527521, 4772.10172140586], [-1094.6639560237095, 4778.11645989823], [-1100.7069999946666, 4784.131198390598], [-1107.0099317368597, 4784.116402344973], [-1113.0536190141486, 4790.405181347872], [-1125.125554216769, 4796.405767100947], [-1131.4284859589623, 4796.390971055321], [-1143.5004211615826, 4802.391556808396], [-1155.5582036249089, 4802.363251329808], [-1173.9189178304282, 4802.320149805594], [-1185.9908530330488, 4808.320735558668], [-1198.3368287461992, 4814.320678005412], [-1204.3657199778622, 4814.306525266118], [-1210.409407255151, 4820.595304269017], [-1222.7553829683015, 4826.59524671576], [-1240.842056663291, 4826.552788497878], [-1247.1591411447785, 4832.566883683915], [-1253.1880323764415, 4832.552730944621], [-1259.2169236081047, 4832.538578205327], [-1265.2599675790618, 4838.553316697697], [-1271.2888588107248, 4838.539163958402], [-1277.5917905529184, 4838.524367912777], [-1283.635477830207, 4844.813146915675], [-1295.7074130328276, 4850.81373266875], [-1302.0103447750207, 4850.798936623124], [-1314.0822799776408, 4856.799522376199], [-1320.1253239485982, 4862.814260868568], [-1326.1683679195555, 4868.828999360938], [-1338.5149869390377, 4875.102982318211], [-1344.5580309099948, 4881.11772081058], [-1350.5869221416579, 4881.103568071286], [-1356.6299661126154, 4887.118306563654], [-1362.9470505941026, 4893.132401749693], [-1368.99009456506, 4899.147140242061], [-1381.0626730740116, 4905.421766505667], [-1387.379757555499, 4911.435861691703], [-1387.3939102947932, 4917.464752923367], [-1393.4369542657505, 4923.4794914157355], [-1399.4806415430392, 4929.768270418635], [-1405.5236855139965, 4935.783008911004], [-1411.5667294849538, 4941.797747403373], [-1411.580882224248, 4947.826638635036], [-1417.8979667057351, 4953.840733821074], [-1417.912762751361, 4960.143665563267], [-1423.9699594616122, 4972.187295287299], [-1430.0271561718637, 4984.230925011331], [-1436.099148927741, 5002.577486477557], [-1448.4882261651053, 5026.938143129819], [-1454.5454228753567, 5038.981772853851], [-1460.6174156312336, 5057.328334320077], [-1460.6457211098218, 5069.386116783403], [-1466.6894083871107, 5075.674895786302], [-1466.8180696534207, 5130.482997892331], [-1460.8033311610518, 5136.526041863288], [-1460.874738163854, 5166.944538532133], [-1321.111512554866, 5282.918363511276], [-1315.0967740624972, 5288.961407482234], [-1296.7502125962717, 5295.0334002381105], [-1254.3311877276078, 5319.522718156683], [-1205.5950783774565, 5337.9979408892195], [-1126.4404723584594, 5356.544570624556], [-1096.036128428908, 5362.644868859023]]]}, "properties": {"objectType": "annotation", "name": "Blood vessels", "color": [0, 255, 0]}}], "reach_gap": {"inferred_transform": {"name": "affine_scale_0.2125", "matrix": [[0.0030273239131817036, 1.2896024024947854, -11895.632666864709], [-1.2896024024947854, 0.0030273239131817036, 28913.600558020305], [0.0, 0.0, 1.0]], "scale_x": 0.2125, "scale_y": 0.2125, "score": 0.8510511509756903, "fraction_inside": 0.9100785945446139}}}